Timing Analyzer report for lab3_vending_m
Sun Jun 01 13:38:27 2025
Quartus Prime Version 18.1.0 Build 625 09/12/2018 SJ Lite Edition


---------------------
; Table of Contents ;
---------------------
  1. Legal Notice
  2. Timing Analyzer Summary
  3. Parallel Compilation
  4. Clocks
  5. Slow 1200mV 85C Model Fmax Summary
  6. Timing Closure Recommendations
  7. Slow 1200mV 85C Model Setup Summary
  8. Slow 1200mV 85C Model Hold Summary
  9. Slow 1200mV 85C Model Recovery Summary
 10. Slow 1200mV 85C Model Removal Summary
 11. Slow 1200mV 85C Model Minimum Pulse Width Summary
 12. Slow 1200mV 85C Model Setup: 'clk'
 13. Slow 1200mV 85C Model Hold: 'clk'
 14. Slow 1200mV 85C Model Metastability Summary
 15. Slow 1200mV 0C Model Fmax Summary
 16. Slow 1200mV 0C Model Setup Summary
 17. Slow 1200mV 0C Model Hold Summary
 18. Slow 1200mV 0C Model Recovery Summary
 19. Slow 1200mV 0C Model Removal Summary
 20. Slow 1200mV 0C Model Minimum Pulse Width Summary
 21. Slow 1200mV 0C Model Setup: 'clk'
 22. Slow 1200mV 0C Model Hold: 'clk'
 23. Slow 1200mV 0C Model Metastability Summary
 24. Fast 1200mV 0C Model Setup Summary
 25. Fast 1200mV 0C Model Hold Summary
 26. Fast 1200mV 0C Model Recovery Summary
 27. Fast 1200mV 0C Model Removal Summary
 28. Fast 1200mV 0C Model Minimum Pulse Width Summary
 29. Fast 1200mV 0C Model Setup: 'clk'
 30. Fast 1200mV 0C Model Hold: 'clk'
 31. Fast 1200mV 0C Model Metastability Summary
 32. Multicorner Timing Analysis Summary
 33. Board Trace Model Assignments
 34. Input Transition Times
 35. Signal Integrity Metrics (Slow 1200mv 0c Model)
 36. Signal Integrity Metrics (Slow 1200mv 85c Model)
 37. Signal Integrity Metrics (Fast 1200mv 0c Model)
 38. Setup Transfers
 39. Hold Transfers
 40. Report TCCS
 41. Report RSKM
 42. Unconstrained Paths Summary
 43. Clock Status Summary
 44. Unconstrained Input Ports
 45. Unconstrained Output Ports
 46. Unconstrained Input Ports
 47. Unconstrained Output Ports
 48. Timing Analyzer Messages



----------------
; Legal Notice ;
----------------
Copyright (C) 2018  Intel Corporation. All rights reserved.
Your use of Intel Corporation's design tools, logic functions 
and other software and tools, and its AMPP partner logic 
functions, and any output files from any of the foregoing 
(including device programming or simulation files), and any 
associated documentation or information are expressly subject 
to the terms and conditions of the Intel Program License 
Subscription Agreement, the Intel Quartus Prime License Agreement,
the Intel FPGA IP License Agreement, or other applicable license
agreement, including, without limitation, that your use is for
the sole purpose of programming logic devices manufactured by
Intel and sold by Intel or its authorized distributors.  Please
refer to the applicable agreement for further details.



+-----------------------------------------------------------------------------+
; Timing Analyzer Summary                                                     ;
+-----------------------+-----------------------------------------------------+
; Quartus Prime Version ; Version 18.1.0 Build 625 09/12/2018 SJ Lite Edition ;
; Timing Analyzer       ; Legacy Timing Analyzer                              ;
; Revision Name         ; lab3_vending_m                                      ;
; Device Family         ; Cyclone IV E                                        ;
; Device Name           ; EP4CE115F29C7                                       ;
; Timing Models         ; Final                                               ;
; Delay Model           ; Combined                                            ;
; Rise/Fall Delays      ; Enabled                                             ;
+-----------------------+-----------------------------------------------------+


+------------------------------------------+
; Parallel Compilation                     ;
+----------------------------+-------------+
; Processors                 ; Number      ;
+----------------------------+-------------+
; Number detected on machine ; 12          ;
; Maximum allowed            ; 6           ;
;                            ;             ;
; Average used               ; 1.01        ;
; Maximum used               ; 6           ;
;                            ;             ;
; Usage by Processor         ; % Time Used ;
;     Processor 1            ; 100.0%      ;
;     Processors 2-6         ;   0.3%      ;
+----------------------------+-------------+


+---------------------------------------------------------------------------------------------------------------------------------------------------------------------------------+
; Clocks                                                                                                                                                                          ;
+------------+------+--------+------------+-------+-------+------------+-----------+-------------+-------+--------+-----------+------------+----------+--------+--------+---------+
; Clock Name ; Type ; Period ; Frequency  ; Rise  ; Fall  ; Duty Cycle ; Divide by ; Multiply by ; Phase ; Offset ; Edge List ; Edge Shift ; Inverted ; Master ; Source ; Targets ;
+------------+------+--------+------------+-------+-------+------------+-----------+-------------+-------+--------+-----------+------------+----------+--------+--------+---------+
; clk        ; Base ; 1.000  ; 1000.0 MHz ; 0.000 ; 0.500 ;            ;           ;             ;       ;        ;           ;            ;          ;        ;        ; { clk } ;
+------------+------+--------+------------+-------+-------+------------+-----------+-------------+-------+--------+-----------+------------+----------+--------+--------+---------+


+-----------------------------------------------------------------------------------------------------------+
; Slow 1200mV 85C Model Fmax Summary                                                                        ;
+------------+-----------------+------------+---------------------------------------------------------------+
; Fmax       ; Restricted Fmax ; Clock Name ; Note                                                          ;
+------------+-----------------+------------+---------------------------------------------------------------+
; 306.75 MHz ; 250.0 MHz       ; clk        ; limit due to minimum period restriction (max I/O toggle rate) ;
+------------+-----------------+------------+---------------------------------------------------------------+
This panel reports FMAX for every clock in the design, regardless of the user-specified clock periods.  FMAX is only computed for paths where the source and destination registers or ports are driven by the same clock.  Paths of different clocks, including generated clocks, are ignored.  For paths between a clock and its inversion, FMAX is computed as if the rising and falling edges are scaled along with FMAX, such that the duty cycle (in terms of a percentage) is maintained. Altera recommends that you always use clock constraints and other slack reports for sign-off analysis.


----------------------------------
; Timing Closure Recommendations ;
----------------------------------
HTML report is unavailable in plain text report export.


+-------------------------------------+
; Slow 1200mV 85C Model Setup Summary ;
+-------+--------+--------------------+
; Clock ; Slack  ; End Point TNS      ;
+-------+--------+--------------------+
; clk   ; -2.260 ; -19.686            ;
+-------+--------+--------------------+


+------------------------------------+
; Slow 1200mV 85C Model Hold Summary ;
+-------+-------+--------------------+
; Clock ; Slack ; End Point TNS      ;
+-------+-------+--------------------+
; clk   ; 0.406 ; 0.000              ;
+-------+-------+--------------------+


------------------------------------------
; Slow 1200mV 85C Model Recovery Summary ;
------------------------------------------
No paths to report.


-----------------------------------------
; Slow 1200mV 85C Model Removal Summary ;
-----------------------------------------
No paths to report.


+---------------------------------------------------+
; Slow 1200mV 85C Model Minimum Pulse Width Summary ;
+-------+--------+----------------------------------+
; Clock ; Slack  ; End Point TNS                    ;
+-------+--------+----------------------------------+
; clk   ; -3.000 ; -23.560                          ;
+-------+--------+----------------------------------+


+------------------------------------------------------------------------------------------------------------------+
; Slow 1200mV 85C Model Setup: 'clk'                                                                               ;
+--------+-------------------+---------------+--------------+-------------+--------------+------------+------------+
; Slack  ; From Node         ; To Node       ; Launch Clock ; Latch Clock ; Relationship ; Clock Skew ; Data Delay ;
+--------+-------------------+---------------+--------------+-------------+--------------+------------+------------+
; -2.260 ; coin_count[3]     ; change[0]     ; clk          ; clk         ; 1.000        ; -0.075     ; 3.183      ;
; -2.260 ; coin_count[3]     ; change[1]     ; clk          ; clk         ; 1.000        ; -0.075     ; 3.183      ;
; -2.260 ; coin_count[3]     ; change[2]     ; clk          ; clk         ; 1.000        ; -0.075     ; 3.183      ;
; -2.260 ; coin_count[3]     ; change[3]     ; clk          ; clk         ; 1.000        ; -0.075     ; 3.183      ;
; -2.249 ; coin_count[3]     ; coin_count[0] ; clk          ; clk         ; 1.000        ; -0.077     ; 3.170      ;
; -2.249 ; coin_count[3]     ; coin_count[3] ; clk          ; clk         ; 1.000        ; -0.077     ; 3.170      ;
; -2.249 ; coin_count[3]     ; coin_count[1] ; clk          ; clk         ; 1.000        ; -0.077     ; 3.170      ;
; -2.249 ; coin_count[3]     ; coin_count[2] ; clk          ; clk         ; 1.000        ; -0.077     ; 3.170      ;
; -2.217 ; coin_count[2]     ; coin_count[0] ; clk          ; clk         ; 1.000        ; -0.077     ; 3.138      ;
; -2.217 ; coin_count[2]     ; coin_count[3] ; clk          ; clk         ; 1.000        ; -0.077     ; 3.138      ;
; -2.217 ; coin_count[2]     ; coin_count[1] ; clk          ; clk         ; 1.000        ; -0.077     ; 3.138      ;
; -2.217 ; coin_count[2]     ; coin_count[2] ; clk          ; clk         ; 1.000        ; -0.077     ; 3.138      ;
; -2.200 ; coin_count[1]     ; coin_count[0] ; clk          ; clk         ; 1.000        ; -0.077     ; 3.121      ;
; -2.200 ; coin_count[1]     ; coin_count[3] ; clk          ; clk         ; 1.000        ; -0.077     ; 3.121      ;
; -2.200 ; coin_count[1]     ; coin_count[1] ; clk          ; clk         ; 1.000        ; -0.077     ; 3.121      ;
; -2.200 ; coin_count[1]     ; coin_count[2] ; clk          ; clk         ; 1.000        ; -0.077     ; 3.121      ;
; -2.112 ; coin_count[0]     ; change[0]     ; clk          ; clk         ; 1.000        ; -0.075     ; 3.035      ;
; -2.112 ; coin_count[0]     ; change[1]     ; clk          ; clk         ; 1.000        ; -0.075     ; 3.035      ;
; -2.112 ; coin_count[0]     ; change[2]     ; clk          ; clk         ; 1.000        ; -0.075     ; 3.035      ;
; -2.112 ; coin_count[0]     ; change[3]     ; clk          ; clk         ; 1.000        ; -0.075     ; 3.035      ;
; -2.093 ; coin_count[1]     ; change[0]     ; clk          ; clk         ; 1.000        ; -0.075     ; 3.016      ;
; -2.093 ; coin_count[1]     ; change[1]     ; clk          ; clk         ; 1.000        ; -0.075     ; 3.016      ;
; -2.093 ; coin_count[1]     ; change[2]     ; clk          ; clk         ; 1.000        ; -0.075     ; 3.016      ;
; -2.093 ; coin_count[1]     ; change[3]     ; clk          ; clk         ; 1.000        ; -0.075     ; 3.016      ;
; -2.054 ; product_price[1]  ; change[0]     ; clk          ; clk         ; 1.000        ; -0.073     ; 2.979      ;
; -2.054 ; product_price[1]  ; change[1]     ; clk          ; clk         ; 1.000        ; -0.073     ; 2.979      ;
; -2.054 ; product_price[1]  ; change[2]     ; clk          ; clk         ; 1.000        ; -0.073     ; 2.979      ;
; -2.054 ; product_price[1]  ; change[3]     ; clk          ; clk         ; 1.000        ; -0.073     ; 2.979      ;
; -2.052 ; product_price[3]  ; change[0]     ; clk          ; clk         ; 1.000        ; -0.073     ; 2.977      ;
; -2.052 ; product_price[3]  ; change[1]     ; clk          ; clk         ; 1.000        ; -0.073     ; 2.977      ;
; -2.052 ; product_price[3]  ; change[2]     ; clk          ; clk         ; 1.000        ; -0.073     ; 2.977      ;
; -2.052 ; product_price[3]  ; change[3]     ; clk          ; clk         ; 1.000        ; -0.073     ; 2.977      ;
; -2.007 ; coin_count[0]     ; coin_count[0] ; clk          ; clk         ; 1.000        ; -0.077     ; 2.928      ;
; -2.007 ; coin_count[0]     ; coin_count[3] ; clk          ; clk         ; 1.000        ; -0.077     ; 2.928      ;
; -2.007 ; coin_count[0]     ; coin_count[1] ; clk          ; clk         ; 1.000        ; -0.077     ; 2.928      ;
; -2.007 ; coin_count[0]     ; coin_count[2] ; clk          ; clk         ; 1.000        ; -0.077     ; 2.928      ;
; -1.971 ; product_price[1]  ; coin_count[0] ; clk          ; clk         ; 1.000        ; -0.075     ; 2.894      ;
; -1.971 ; product_price[1]  ; coin_count[3] ; clk          ; clk         ; 1.000        ; -0.075     ; 2.894      ;
; -1.971 ; product_price[1]  ; coin_count[1] ; clk          ; clk         ; 1.000        ; -0.075     ; 2.894      ;
; -1.971 ; product_price[1]  ; coin_count[2] ; clk          ; clk         ; 1.000        ; -0.075     ; 2.894      ;
; -1.969 ; product_price[3]  ; coin_count[0] ; clk          ; clk         ; 1.000        ; -0.075     ; 2.892      ;
; -1.969 ; product_price[3]  ; coin_count[3] ; clk          ; clk         ; 1.000        ; -0.075     ; 2.892      ;
; -1.969 ; product_price[3]  ; coin_count[1] ; clk          ; clk         ; 1.000        ; -0.075     ; 2.892      ;
; -1.969 ; product_price[3]  ; coin_count[2] ; clk          ; clk         ; 1.000        ; -0.075     ; 2.892      ;
; -1.898 ; product_price[0]  ; change[0]     ; clk          ; clk         ; 1.000        ; -0.073     ; 2.823      ;
; -1.898 ; product_price[0]  ; change[1]     ; clk          ; clk         ; 1.000        ; -0.073     ; 2.823      ;
; -1.898 ; product_price[0]  ; change[2]     ; clk          ; clk         ; 1.000        ; -0.073     ; 2.823      ;
; -1.898 ; product_price[0]  ; change[3]     ; clk          ; clk         ; 1.000        ; -0.073     ; 2.823      ;
; -1.896 ; coin_count[2]     ; change[0]     ; clk          ; clk         ; 1.000        ; -0.075     ; 2.819      ;
; -1.896 ; coin_count[2]     ; change[1]     ; clk          ; clk         ; 1.000        ; -0.075     ; 2.819      ;
; -1.896 ; coin_count[2]     ; change[2]     ; clk          ; clk         ; 1.000        ; -0.075     ; 2.819      ;
; -1.896 ; coin_count[2]     ; change[3]     ; clk          ; clk         ; 1.000        ; -0.075     ; 2.819      ;
; -1.861 ; product_price[2]  ; change[0]     ; clk          ; clk         ; 1.000        ; -0.073     ; 2.786      ;
; -1.861 ; product_price[2]  ; change[1]     ; clk          ; clk         ; 1.000        ; -0.073     ; 2.786      ;
; -1.861 ; product_price[2]  ; change[2]     ; clk          ; clk         ; 1.000        ; -0.073     ; 2.786      ;
; -1.861 ; product_price[2]  ; change[3]     ; clk          ; clk         ; 1.000        ; -0.073     ; 2.786      ;
; -1.815 ; product_price[0]  ; coin_count[0] ; clk          ; clk         ; 1.000        ; -0.075     ; 2.738      ;
; -1.815 ; product_price[0]  ; coin_count[3] ; clk          ; clk         ; 1.000        ; -0.075     ; 2.738      ;
; -1.815 ; product_price[0]  ; coin_count[1] ; clk          ; clk         ; 1.000        ; -0.075     ; 2.738      ;
; -1.815 ; product_price[0]  ; coin_count[2] ; clk          ; clk         ; 1.000        ; -0.075     ; 2.738      ;
; -1.778 ; product_price[2]  ; coin_count[0] ; clk          ; clk         ; 1.000        ; -0.075     ; 2.701      ;
; -1.778 ; product_price[2]  ; coin_count[3] ; clk          ; clk         ; 1.000        ; -0.075     ; 2.701      ;
; -1.778 ; product_price[2]  ; coin_count[1] ; clk          ; clk         ; 1.000        ; -0.075     ; 2.701      ;
; -1.778 ; product_price[2]  ; coin_count[2] ; clk          ; clk         ; 1.000        ; -0.075     ; 2.701      ;
; -1.650 ; coin_count[3]     ; motor_active  ; clk          ; clk         ; 1.000        ; -0.077     ; 2.571      ;
; -1.542 ; cancel_btn_prev   ; coin_count[0] ; clk          ; clk         ; 1.000        ; -0.079     ; 2.461      ;
; -1.542 ; cancel_btn_prev   ; coin_count[3] ; clk          ; clk         ; 1.000        ; -0.079     ; 2.461      ;
; -1.542 ; cancel_btn_prev   ; coin_count[1] ; clk          ; clk         ; 1.000        ; -0.079     ; 2.461      ;
; -1.542 ; cancel_btn_prev   ; coin_count[2] ; clk          ; clk         ; 1.000        ; -0.079     ; 2.461      ;
; -1.530 ; coin_btn_prev     ; coin_count[0] ; clk          ; clk         ; 1.000        ; -0.075     ; 2.453      ;
; -1.530 ; coin_btn_prev     ; coin_count[3] ; clk          ; clk         ; 1.000        ; -0.075     ; 2.453      ;
; -1.530 ; coin_btn_prev     ; coin_count[1] ; clk          ; clk         ; 1.000        ; -0.075     ; 2.453      ;
; -1.530 ; coin_btn_prev     ; coin_count[2] ; clk          ; clk         ; 1.000        ; -0.075     ; 2.453      ;
; -1.498 ; coin_count[0]     ; motor_active  ; clk          ; clk         ; 1.000        ; -0.077     ; 2.419      ;
; -1.480 ; product_price[1]  ; motor_active  ; clk          ; clk         ; 1.000        ; -0.075     ; 2.403      ;
; -1.479 ; coin_count[1]     ; motor_active  ; clk          ; clk         ; 1.000        ; -0.077     ; 2.400      ;
; -1.478 ; product_price[3]  ; motor_active  ; clk          ; clk         ; 1.000        ; -0.075     ; 2.401      ;
; -1.423 ; dispense_btn_prev ; change[0]     ; clk          ; clk         ; 1.000        ; -0.073     ; 2.348      ;
; -1.423 ; dispense_btn_prev ; change[1]     ; clk          ; clk         ; 1.000        ; -0.073     ; 2.348      ;
; -1.423 ; dispense_btn_prev ; change[2]     ; clk          ; clk         ; 1.000        ; -0.073     ; 2.348      ;
; -1.423 ; dispense_btn_prev ; change[3]     ; clk          ; clk         ; 1.000        ; -0.073     ; 2.348      ;
; -1.324 ; product_price[0]  ; motor_active  ; clk          ; clk         ; 1.000        ; -0.075     ; 2.247      ;
; -1.294 ; coin_count[2]     ; motor_active  ; clk          ; clk         ; 1.000        ; -0.077     ; 2.215      ;
; -1.287 ; product_price[2]  ; motor_active  ; clk          ; clk         ; 1.000        ; -0.075     ; 2.210      ;
; -1.220 ; dispense_btn_prev ; coin_count[0] ; clk          ; clk         ; 1.000        ; -0.075     ; 2.143      ;
; -1.220 ; dispense_btn_prev ; coin_count[3] ; clk          ; clk         ; 1.000        ; -0.075     ; 2.143      ;
; -1.220 ; dispense_btn_prev ; coin_count[1] ; clk          ; clk         ; 1.000        ; -0.075     ; 2.143      ;
; -1.220 ; dispense_btn_prev ; coin_count[2] ; clk          ; clk         ; 1.000        ; -0.075     ; 2.143      ;
; -1.037 ; cancel_btn_prev   ; change[0]     ; clk          ; clk         ; 1.000        ; -0.077     ; 1.958      ;
; -1.037 ; cancel_btn_prev   ; change[1]     ; clk          ; clk         ; 1.000        ; -0.077     ; 1.958      ;
; -1.037 ; cancel_btn_prev   ; change[2]     ; clk          ; clk         ; 1.000        ; -0.077     ; 1.958      ;
; -1.037 ; cancel_btn_prev   ; change[3]     ; clk          ; clk         ; 1.000        ; -0.077     ; 1.958      ;
; -0.740 ; cancel_btn_prev   ; motor_active  ; clk          ; clk         ; 1.000        ; -0.079     ; 1.659      ;
; -0.729 ; dispense_btn_prev ; motor_active  ; clk          ; clk         ; 1.000        ; -0.075     ; 1.652      ;
; 0.156  ; motor_active      ; motor_active  ; clk          ; clk         ; 1.000        ; -0.077     ; 0.765      ;
+--------+-------------------+---------------+--------------+-------------+--------------+------------+------------+


+-----------------------------------------------------------------------------------------------------------------+
; Slow 1200mV 85C Model Hold: 'clk'                                                                               ;
+-------+-------------------+---------------+--------------+-------------+--------------+------------+------------+
; Slack ; From Node         ; To Node       ; Launch Clock ; Latch Clock ; Relationship ; Clock Skew ; Data Delay ;
+-------+-------------------+---------------+--------------+-------------+--------------+------------+------------+
; 0.406 ; motor_active      ; motor_active  ; clk          ; clk         ; 0.000        ; 0.077      ; 0.669      ;
; 0.590 ; cancel_btn_prev   ; change[1]     ; clk          ; clk         ; 0.000        ; 0.077      ; 0.853      ;
; 0.591 ; cancel_btn_prev   ; change[2]     ; clk          ; clk         ; 0.000        ; 0.077      ; 0.854      ;
; 0.591 ; cancel_btn_prev   ; change[3]     ; clk          ; clk         ; 0.000        ; 0.077      ; 0.854      ;
; 0.607 ; product_price[3]  ; coin_count[3] ; clk          ; clk         ; 0.000        ; 0.079      ; 0.872      ;
; 0.692 ; coin_count[3]     ; coin_count[3] ; clk          ; clk         ; 0.000        ; 0.077      ; 0.955      ;
; 0.720 ; cancel_btn_prev   ; change[0]     ; clk          ; clk         ; 0.000        ; 0.077      ; 0.983      ;
; 0.722 ; coin_count[0]     ; coin_count[0] ; clk          ; clk         ; 0.000        ; 0.077      ; 0.985      ;
; 0.831 ; product_price[1]  ; coin_count[1] ; clk          ; clk         ; 0.000        ; 0.079      ; 1.096      ;
; 0.861 ; coin_count[1]     ; coin_count[1] ; clk          ; clk         ; 0.000        ; 0.077      ; 1.124      ;
; 0.867 ; product_price[2]  ; coin_count[2] ; clk          ; clk         ; 0.000        ; 0.079      ; 1.132      ;
; 0.874 ; coin_count[1]     ; change[1]     ; clk          ; clk         ; 0.000        ; 0.079      ; 1.139      ;
; 0.959 ; coin_count[2]     ; change[2]     ; clk          ; clk         ; 0.000        ; 0.079      ; 1.224      ;
; 0.972 ; coin_count[3]     ; change[3]     ; clk          ; clk         ; 0.000        ; 0.079      ; 1.237      ;
; 1.020 ; coin_count[0]     ; change[0]     ; clk          ; clk         ; 0.000        ; 0.079      ; 1.285      ;
; 1.032 ; coin_count[0]     ; coin_count[1] ; clk          ; clk         ; 0.000        ; 0.077      ; 1.295      ;
; 1.037 ; coin_count[0]     ; coin_count[2] ; clk          ; clk         ; 0.000        ; 0.077      ; 1.300      ;
; 1.089 ; coin_count[2]     ; coin_count[2] ; clk          ; clk         ; 0.000        ; 0.077      ; 1.352      ;
; 1.131 ; product_price[0]  ; coin_count[0] ; clk          ; clk         ; 0.000        ; 0.079      ; 1.396      ;
; 1.158 ; coin_count[0]     ; coin_count[3] ; clk          ; clk         ; 0.000        ; 0.077      ; 1.421      ;
; 1.161 ; product_price[1]  ; coin_count[2] ; clk          ; clk         ; 0.000        ; 0.079      ; 1.426      ;
; 1.166 ; product_price[1]  ; coin_count[3] ; clk          ; clk         ; 0.000        ; 0.079      ; 1.431      ;
; 1.179 ; coin_count[1]     ; coin_count[2] ; clk          ; clk         ; 0.000        ; 0.077      ; 1.442      ;
; 1.183 ; product_price[2]  ; coin_count[3] ; clk          ; clk         ; 0.000        ; 0.079      ; 1.448      ;
; 1.206 ; cancel_btn_prev   ; motor_active  ; clk          ; clk         ; 0.000        ; 0.075      ; 1.467      ;
; 1.262 ; dispense_btn_prev ; motor_active  ; clk          ; clk         ; 0.000        ; 0.079      ; 1.527      ;
; 1.300 ; coin_count[1]     ; coin_count[3] ; clk          ; clk         ; 0.000        ; 0.077      ; 1.563      ;
; 1.305 ; cancel_btn_prev   ; coin_count[0] ; clk          ; clk         ; 0.000        ; 0.075      ; 1.566      ;
; 1.305 ; cancel_btn_prev   ; coin_count[3] ; clk          ; clk         ; 0.000        ; 0.075      ; 1.566      ;
; 1.305 ; cancel_btn_prev   ; coin_count[1] ; clk          ; clk         ; 0.000        ; 0.075      ; 1.566      ;
; 1.305 ; cancel_btn_prev   ; coin_count[2] ; clk          ; clk         ; 0.000        ; 0.075      ; 1.566      ;
; 1.412 ; coin_count[2]     ; coin_count[3] ; clk          ; clk         ; 0.000        ; 0.077      ; 1.675      ;
; 1.443 ; product_price[0]  ; coin_count[1] ; clk          ; clk         ; 0.000        ; 0.079      ; 1.708      ;
; 1.520 ; product_price[0]  ; coin_count[2] ; clk          ; clk         ; 0.000        ; 0.079      ; 1.785      ;
; 1.569 ; product_price[0]  ; coin_count[3] ; clk          ; clk         ; 0.000        ; 0.079      ; 1.834      ;
; 1.635 ; product_price[3]  ; motor_active  ; clk          ; clk         ; 0.000        ; 0.079      ; 1.900      ;
; 1.694 ; dispense_btn_prev ; coin_count[0] ; clk          ; clk         ; 0.000        ; 0.079      ; 1.959      ;
; 1.694 ; dispense_btn_prev ; coin_count[3] ; clk          ; clk         ; 0.000        ; 0.079      ; 1.959      ;
; 1.694 ; dispense_btn_prev ; coin_count[1] ; clk          ; clk         ; 0.000        ; 0.079      ; 1.959      ;
; 1.694 ; dispense_btn_prev ; coin_count[2] ; clk          ; clk         ; 0.000        ; 0.079      ; 1.959      ;
; 1.716 ; product_price[2]  ; motor_active  ; clk          ; clk         ; 0.000        ; 0.079      ; 1.981      ;
; 1.767 ; coin_count[2]     ; motor_active  ; clk          ; clk         ; 0.000        ; 0.077      ; 2.030      ;
; 1.788 ; coin_count[3]     ; motor_active  ; clk          ; clk         ; 0.000        ; 0.077      ; 2.051      ;
; 1.820 ; product_price[0]  ; motor_active  ; clk          ; clk         ; 0.000        ; 0.079      ; 2.085      ;
; 1.938 ; product_price[1]  ; motor_active  ; clk          ; clk         ; 0.000        ; 0.079      ; 2.203      ;
; 1.939 ; coin_count[1]     ; motor_active  ; clk          ; clk         ; 0.000        ; 0.077      ; 2.202      ;
; 1.974 ; coin_count[0]     ; motor_active  ; clk          ; clk         ; 0.000        ; 0.077      ; 2.237      ;
; 2.013 ; dispense_btn_prev ; change[0]     ; clk          ; clk         ; 0.000        ; 0.081      ; 2.280      ;
; 2.013 ; dispense_btn_prev ; change[1]     ; clk          ; clk         ; 0.000        ; 0.081      ; 2.280      ;
; 2.013 ; dispense_btn_prev ; change[2]     ; clk          ; clk         ; 0.000        ; 0.081      ; 2.280      ;
; 2.013 ; dispense_btn_prev ; change[3]     ; clk          ; clk         ; 0.000        ; 0.081      ; 2.280      ;
; 2.067 ; product_price[3]  ; coin_count[0] ; clk          ; clk         ; 0.000        ; 0.079      ; 2.332      ;
; 2.067 ; product_price[3]  ; coin_count[1] ; clk          ; clk         ; 0.000        ; 0.079      ; 2.332      ;
; 2.067 ; product_price[3]  ; coin_count[2] ; clk          ; clk         ; 0.000        ; 0.079      ; 2.332      ;
; 2.136 ; coin_btn_prev     ; coin_count[0] ; clk          ; clk         ; 0.000        ; 0.079      ; 2.401      ;
; 2.136 ; coin_btn_prev     ; coin_count[3] ; clk          ; clk         ; 0.000        ; 0.079      ; 2.401      ;
; 2.136 ; coin_btn_prev     ; coin_count[1] ; clk          ; clk         ; 0.000        ; 0.079      ; 2.401      ;
; 2.136 ; coin_btn_prev     ; coin_count[2] ; clk          ; clk         ; 0.000        ; 0.079      ; 2.401      ;
; 2.148 ; product_price[2]  ; coin_count[0] ; clk          ; clk         ; 0.000        ; 0.079      ; 2.413      ;
; 2.148 ; product_price[2]  ; coin_count[1] ; clk          ; clk         ; 0.000        ; 0.079      ; 2.413      ;
; 2.199 ; coin_count[2]     ; coin_count[0] ; clk          ; clk         ; 0.000        ; 0.077      ; 2.462      ;
; 2.199 ; coin_count[2]     ; coin_count[1] ; clk          ; clk         ; 0.000        ; 0.077      ; 2.462      ;
; 2.220 ; coin_count[3]     ; coin_count[0] ; clk          ; clk         ; 0.000        ; 0.077      ; 2.483      ;
; 2.220 ; coin_count[3]     ; coin_count[1] ; clk          ; clk         ; 0.000        ; 0.077      ; 2.483      ;
; 2.220 ; coin_count[3]     ; coin_count[2] ; clk          ; clk         ; 0.000        ; 0.077      ; 2.483      ;
; 2.370 ; product_price[1]  ; coin_count[0] ; clk          ; clk         ; 0.000        ; 0.079      ; 2.635      ;
; 2.386 ; product_price[3]  ; change[0]     ; clk          ; clk         ; 0.000        ; 0.081      ; 2.653      ;
; 2.386 ; product_price[3]  ; change[1]     ; clk          ; clk         ; 0.000        ; 0.081      ; 2.653      ;
; 2.386 ; product_price[3]  ; change[2]     ; clk          ; clk         ; 0.000        ; 0.081      ; 2.653      ;
; 2.386 ; product_price[3]  ; change[3]     ; clk          ; clk         ; 0.000        ; 0.081      ; 2.653      ;
; 2.388 ; coin_count[1]     ; coin_count[0] ; clk          ; clk         ; 0.000        ; 0.077      ; 2.651      ;
; 2.456 ; product_price[2]  ; change[0]     ; clk          ; clk         ; 0.000        ; 0.081      ; 2.723      ;
; 2.456 ; product_price[2]  ; change[1]     ; clk          ; clk         ; 0.000        ; 0.081      ; 2.723      ;
; 2.456 ; product_price[2]  ; change[2]     ; clk          ; clk         ; 0.000        ; 0.081      ; 2.723      ;
; 2.456 ; product_price[2]  ; change[3]     ; clk          ; clk         ; 0.000        ; 0.081      ; 2.723      ;
; 2.480 ; coin_count[2]     ; change[0]     ; clk          ; clk         ; 0.000        ; 0.079      ; 2.745      ;
; 2.480 ; coin_count[2]     ; change[1]     ; clk          ; clk         ; 0.000        ; 0.079      ; 2.745      ;
; 2.480 ; coin_count[2]     ; change[3]     ; clk          ; clk         ; 0.000        ; 0.079      ; 2.745      ;
; 2.539 ; coin_count[3]     ; change[0]     ; clk          ; clk         ; 0.000        ; 0.079      ; 2.804      ;
; 2.539 ; coin_count[3]     ; change[1]     ; clk          ; clk         ; 0.000        ; 0.079      ; 2.804      ;
; 2.539 ; coin_count[3]     ; change[2]     ; clk          ; clk         ; 0.000        ; 0.079      ; 2.804      ;
; 2.560 ; product_price[0]  ; change[0]     ; clk          ; clk         ; 0.000        ; 0.081      ; 2.827      ;
; 2.560 ; product_price[0]  ; change[1]     ; clk          ; clk         ; 0.000        ; 0.081      ; 2.827      ;
; 2.560 ; product_price[0]  ; change[2]     ; clk          ; clk         ; 0.000        ; 0.081      ; 2.827      ;
; 2.560 ; product_price[0]  ; change[3]     ; clk          ; clk         ; 0.000        ; 0.081      ; 2.827      ;
; 2.631 ; coin_count[1]     ; change[0]     ; clk          ; clk         ; 0.000        ; 0.079      ; 2.896      ;
; 2.631 ; coin_count[1]     ; change[2]     ; clk          ; clk         ; 0.000        ; 0.079      ; 2.896      ;
; 2.631 ; coin_count[1]     ; change[3]     ; clk          ; clk         ; 0.000        ; 0.079      ; 2.896      ;
; 2.666 ; coin_count[0]     ; change[1]     ; clk          ; clk         ; 0.000        ; 0.079      ; 2.931      ;
; 2.666 ; coin_count[0]     ; change[2]     ; clk          ; clk         ; 0.000        ; 0.079      ; 2.931      ;
; 2.666 ; coin_count[0]     ; change[3]     ; clk          ; clk         ; 0.000        ; 0.079      ; 2.931      ;
; 2.678 ; product_price[1]  ; change[0]     ; clk          ; clk         ; 0.000        ; 0.081      ; 2.945      ;
; 2.678 ; product_price[1]  ; change[1]     ; clk          ; clk         ; 0.000        ; 0.081      ; 2.945      ;
; 2.678 ; product_price[1]  ; change[2]     ; clk          ; clk         ; 0.000        ; 0.081      ; 2.945      ;
; 2.678 ; product_price[1]  ; change[3]     ; clk          ; clk         ; 0.000        ; 0.081      ; 2.945      ;
+-------+-------------------+---------------+--------------+-------------+--------------+------------+------------+


-----------------------------------------------
; Slow 1200mV 85C Model Metastability Summary ;
-----------------------------------------------
No synchronizer chains to report.


+----------------------------------------------------------------------------------------------------------+
; Slow 1200mV 0C Model Fmax Summary                                                                        ;
+-----------+-----------------+------------+---------------------------------------------------------------+
; Fmax      ; Restricted Fmax ; Clock Name ; Note                                                          ;
+-----------+-----------------+------------+---------------------------------------------------------------+
; 334.9 MHz ; 250.0 MHz       ; clk        ; limit due to minimum period restriction (max I/O toggle rate) ;
+-----------+-----------------+------------+---------------------------------------------------------------+
This panel reports FMAX for every clock in the design, regardless of the user-specified clock periods.  FMAX is only computed for paths where the source and destination registers or ports are driven by the same clock.  Paths of different clocks, including generated clocks, are ignored.  For paths between a clock and its inversion, FMAX is computed as if the rising and falling edges are scaled along with FMAX, such that the duty cycle (in terms of a percentage) is maintained. Altera recommends that you always use clock constraints and other slack reports for sign-off analysis.


+------------------------------------+
; Slow 1200mV 0C Model Setup Summary ;
+-------+--------+-------------------+
; Clock ; Slack  ; End Point TNS     ;
+-------+--------+-------------------+
; clk   ; -1.986 ; -17.114           ;
+-------+--------+-------------------+


+-----------------------------------+
; Slow 1200mV 0C Model Hold Summary ;
+-------+-------+-------------------+
; Clock ; Slack ; End Point TNS     ;
+-------+-------+-------------------+
; clk   ; 0.358 ; 0.000             ;
+-------+-------+-------------------+


-----------------------------------------
; Slow 1200mV 0C Model Recovery Summary ;
-----------------------------------------
No paths to report.


----------------------------------------
; Slow 1200mV 0C Model Removal Summary ;
----------------------------------------
No paths to report.


+--------------------------------------------------+
; Slow 1200mV 0C Model Minimum Pulse Width Summary ;
+-------+--------+---------------------------------+
; Clock ; Slack  ; End Point TNS                   ;
+-------+--------+---------------------------------+
; clk   ; -3.000 ; -23.560                         ;
+-------+--------+---------------------------------+


+------------------------------------------------------------------------------------------------------------------+
; Slow 1200mV 0C Model Setup: 'clk'                                                                                ;
+--------+-------------------+---------------+--------------+-------------+--------------+------------+------------+
; Slack  ; From Node         ; To Node       ; Launch Clock ; Latch Clock ; Relationship ; Clock Skew ; Data Delay ;
+--------+-------------------+---------------+--------------+-------------+--------------+------------+------------+
; -1.986 ; coin_count[3]     ; change[0]     ; clk          ; clk         ; 1.000        ; -0.066     ; 2.919      ;
; -1.986 ; coin_count[3]     ; change[1]     ; clk          ; clk         ; 1.000        ; -0.066     ; 2.919      ;
; -1.986 ; coin_count[3]     ; change[2]     ; clk          ; clk         ; 1.000        ; -0.066     ; 2.919      ;
; -1.986 ; coin_count[3]     ; change[3]     ; clk          ; clk         ; 1.000        ; -0.066     ; 2.919      ;
; -1.942 ; coin_count[3]     ; coin_count[0] ; clk          ; clk         ; 1.000        ; -0.068     ; 2.873      ;
; -1.942 ; coin_count[3]     ; coin_count[3] ; clk          ; clk         ; 1.000        ; -0.068     ; 2.873      ;
; -1.942 ; coin_count[3]     ; coin_count[1] ; clk          ; clk         ; 1.000        ; -0.068     ; 2.873      ;
; -1.942 ; coin_count[3]     ; coin_count[2] ; clk          ; clk         ; 1.000        ; -0.068     ; 2.873      ;
; -1.914 ; coin_count[2]     ; coin_count[0] ; clk          ; clk         ; 1.000        ; -0.068     ; 2.845      ;
; -1.914 ; coin_count[2]     ; coin_count[3] ; clk          ; clk         ; 1.000        ; -0.068     ; 2.845      ;
; -1.914 ; coin_count[2]     ; coin_count[1] ; clk          ; clk         ; 1.000        ; -0.068     ; 2.845      ;
; -1.914 ; coin_count[2]     ; coin_count[2] ; clk          ; clk         ; 1.000        ; -0.068     ; 2.845      ;
; -1.899 ; coin_count[1]     ; coin_count[0] ; clk          ; clk         ; 1.000        ; -0.068     ; 2.830      ;
; -1.899 ; coin_count[1]     ; coin_count[3] ; clk          ; clk         ; 1.000        ; -0.068     ; 2.830      ;
; -1.899 ; coin_count[1]     ; coin_count[1] ; clk          ; clk         ; 1.000        ; -0.068     ; 2.830      ;
; -1.899 ; coin_count[1]     ; coin_count[2] ; clk          ; clk         ; 1.000        ; -0.068     ; 2.830      ;
; -1.852 ; coin_count[0]     ; change[0]     ; clk          ; clk         ; 1.000        ; -0.066     ; 2.785      ;
; -1.852 ; coin_count[0]     ; change[1]     ; clk          ; clk         ; 1.000        ; -0.066     ; 2.785      ;
; -1.852 ; coin_count[0]     ; change[2]     ; clk          ; clk         ; 1.000        ; -0.066     ; 2.785      ;
; -1.852 ; coin_count[0]     ; change[3]     ; clk          ; clk         ; 1.000        ; -0.066     ; 2.785      ;
; -1.834 ; coin_count[1]     ; change[0]     ; clk          ; clk         ; 1.000        ; -0.066     ; 2.767      ;
; -1.834 ; coin_count[1]     ; change[1]     ; clk          ; clk         ; 1.000        ; -0.066     ; 2.767      ;
; -1.834 ; coin_count[1]     ; change[2]     ; clk          ; clk         ; 1.000        ; -0.066     ; 2.767      ;
; -1.834 ; coin_count[1]     ; change[3]     ; clk          ; clk         ; 1.000        ; -0.066     ; 2.767      ;
; -1.788 ; product_price[3]  ; change[0]     ; clk          ; clk         ; 1.000        ; -0.064     ; 2.723      ;
; -1.788 ; product_price[3]  ; change[1]     ; clk          ; clk         ; 1.000        ; -0.064     ; 2.723      ;
; -1.788 ; product_price[3]  ; change[2]     ; clk          ; clk         ; 1.000        ; -0.064     ; 2.723      ;
; -1.788 ; product_price[3]  ; change[3]     ; clk          ; clk         ; 1.000        ; -0.064     ; 2.723      ;
; -1.781 ; product_price[1]  ; change[0]     ; clk          ; clk         ; 1.000        ; -0.064     ; 2.716      ;
; -1.781 ; product_price[1]  ; change[1]     ; clk          ; clk         ; 1.000        ; -0.064     ; 2.716      ;
; -1.781 ; product_price[1]  ; change[2]     ; clk          ; clk         ; 1.000        ; -0.064     ; 2.716      ;
; -1.781 ; product_price[1]  ; change[3]     ; clk          ; clk         ; 1.000        ; -0.064     ; 2.716      ;
; -1.738 ; coin_count[0]     ; coin_count[0] ; clk          ; clk         ; 1.000        ; -0.068     ; 2.669      ;
; -1.738 ; coin_count[0]     ; coin_count[3] ; clk          ; clk         ; 1.000        ; -0.068     ; 2.669      ;
; -1.738 ; coin_count[0]     ; coin_count[1] ; clk          ; clk         ; 1.000        ; -0.068     ; 2.669      ;
; -1.738 ; coin_count[0]     ; coin_count[2] ; clk          ; clk         ; 1.000        ; -0.068     ; 2.669      ;
; -1.694 ; product_price[1]  ; coin_count[0] ; clk          ; clk         ; 1.000        ; -0.066     ; 2.627      ;
; -1.694 ; product_price[1]  ; coin_count[3] ; clk          ; clk         ; 1.000        ; -0.066     ; 2.627      ;
; -1.694 ; product_price[1]  ; coin_count[1] ; clk          ; clk         ; 1.000        ; -0.066     ; 2.627      ;
; -1.694 ; product_price[1]  ; coin_count[2] ; clk          ; clk         ; 1.000        ; -0.066     ; 2.627      ;
; -1.693 ; product_price[3]  ; coin_count[0] ; clk          ; clk         ; 1.000        ; -0.066     ; 2.626      ;
; -1.693 ; product_price[3]  ; coin_count[3] ; clk          ; clk         ; 1.000        ; -0.066     ; 2.626      ;
; -1.693 ; product_price[3]  ; coin_count[1] ; clk          ; clk         ; 1.000        ; -0.066     ; 2.626      ;
; -1.693 ; product_price[3]  ; coin_count[2] ; clk          ; clk         ; 1.000        ; -0.066     ; 2.626      ;
; -1.664 ; product_price[0]  ; change[0]     ; clk          ; clk         ; 1.000        ; -0.064     ; 2.599      ;
; -1.664 ; product_price[0]  ; change[1]     ; clk          ; clk         ; 1.000        ; -0.064     ; 2.599      ;
; -1.664 ; product_price[0]  ; change[2]     ; clk          ; clk         ; 1.000        ; -0.064     ; 2.599      ;
; -1.664 ; product_price[0]  ; change[3]     ; clk          ; clk         ; 1.000        ; -0.064     ; 2.599      ;
; -1.644 ; coin_count[2]     ; change[0]     ; clk          ; clk         ; 1.000        ; -0.066     ; 2.577      ;
; -1.644 ; coin_count[2]     ; change[1]     ; clk          ; clk         ; 1.000        ; -0.066     ; 2.577      ;
; -1.644 ; coin_count[2]     ; change[2]     ; clk          ; clk         ; 1.000        ; -0.066     ; 2.577      ;
; -1.644 ; coin_count[2]     ; change[3]     ; clk          ; clk         ; 1.000        ; -0.066     ; 2.577      ;
; -1.624 ; product_price[2]  ; change[0]     ; clk          ; clk         ; 1.000        ; -0.064     ; 2.559      ;
; -1.624 ; product_price[2]  ; change[1]     ; clk          ; clk         ; 1.000        ; -0.064     ; 2.559      ;
; -1.624 ; product_price[2]  ; change[2]     ; clk          ; clk         ; 1.000        ; -0.064     ; 2.559      ;
; -1.624 ; product_price[2]  ; change[3]     ; clk          ; clk         ; 1.000        ; -0.064     ; 2.559      ;
; -1.552 ; product_price[0]  ; coin_count[0] ; clk          ; clk         ; 1.000        ; -0.066     ; 2.485      ;
; -1.552 ; product_price[0]  ; coin_count[3] ; clk          ; clk         ; 1.000        ; -0.066     ; 2.485      ;
; -1.552 ; product_price[0]  ; coin_count[1] ; clk          ; clk         ; 1.000        ; -0.066     ; 2.485      ;
; -1.552 ; product_price[0]  ; coin_count[2] ; clk          ; clk         ; 1.000        ; -0.066     ; 2.485      ;
; -1.516 ; product_price[2]  ; coin_count[0] ; clk          ; clk         ; 1.000        ; -0.066     ; 2.449      ;
; -1.516 ; product_price[2]  ; coin_count[3] ; clk          ; clk         ; 1.000        ; -0.066     ; 2.449      ;
; -1.516 ; product_price[2]  ; coin_count[1] ; clk          ; clk         ; 1.000        ; -0.066     ; 2.449      ;
; -1.516 ; product_price[2]  ; coin_count[2] ; clk          ; clk         ; 1.000        ; -0.066     ; 2.449      ;
; -1.402 ; coin_count[3]     ; motor_active  ; clk          ; clk         ; 1.000        ; -0.068     ; 2.333      ;
; -1.316 ; cancel_btn_prev   ; coin_count[0] ; clk          ; clk         ; 1.000        ; -0.070     ; 2.245      ;
; -1.316 ; cancel_btn_prev   ; coin_count[3] ; clk          ; clk         ; 1.000        ; -0.070     ; 2.245      ;
; -1.316 ; cancel_btn_prev   ; coin_count[1] ; clk          ; clk         ; 1.000        ; -0.070     ; 2.245      ;
; -1.316 ; cancel_btn_prev   ; coin_count[2] ; clk          ; clk         ; 1.000        ; -0.070     ; 2.245      ;
; -1.303 ; coin_btn_prev     ; coin_count[0] ; clk          ; clk         ; 1.000        ; -0.066     ; 2.236      ;
; -1.303 ; coin_btn_prev     ; coin_count[3] ; clk          ; clk         ; 1.000        ; -0.066     ; 2.236      ;
; -1.303 ; coin_btn_prev     ; coin_count[1] ; clk          ; clk         ; 1.000        ; -0.066     ; 2.236      ;
; -1.303 ; coin_btn_prev     ; coin_count[2] ; clk          ; clk         ; 1.000        ; -0.066     ; 2.236      ;
; -1.268 ; coin_count[0]     ; motor_active  ; clk          ; clk         ; 1.000        ; -0.068     ; 2.199      ;
; -1.250 ; coin_count[1]     ; motor_active  ; clk          ; clk         ; 1.000        ; -0.068     ; 2.181      ;
; -1.237 ; product_price[1]  ; motor_active  ; clk          ; clk         ; 1.000        ; -0.066     ; 2.170      ;
; -1.236 ; product_price[3]  ; motor_active  ; clk          ; clk         ; 1.000        ; -0.066     ; 2.169      ;
; -1.229 ; dispense_btn_prev ; change[0]     ; clk          ; clk         ; 1.000        ; -0.064     ; 2.164      ;
; -1.229 ; dispense_btn_prev ; change[1]     ; clk          ; clk         ; 1.000        ; -0.064     ; 2.164      ;
; -1.229 ; dispense_btn_prev ; change[2]     ; clk          ; clk         ; 1.000        ; -0.064     ; 2.164      ;
; -1.229 ; dispense_btn_prev ; change[3]     ; clk          ; clk         ; 1.000        ; -0.064     ; 2.164      ;
; -1.095 ; coin_count[2]     ; motor_active  ; clk          ; clk         ; 1.000        ; -0.068     ; 2.026      ;
; -1.095 ; product_price[0]  ; motor_active  ; clk          ; clk         ; 1.000        ; -0.066     ; 2.028      ;
; -1.059 ; product_price[2]  ; motor_active  ; clk          ; clk         ; 1.000        ; -0.066     ; 1.992      ;
; -1.034 ; dispense_btn_prev ; coin_count[0] ; clk          ; clk         ; 1.000        ; -0.066     ; 1.967      ;
; -1.034 ; dispense_btn_prev ; coin_count[3] ; clk          ; clk         ; 1.000        ; -0.066     ; 1.967      ;
; -1.034 ; dispense_btn_prev ; coin_count[1] ; clk          ; clk         ; 1.000        ; -0.066     ; 1.967      ;
; -1.034 ; dispense_btn_prev ; coin_count[2] ; clk          ; clk         ; 1.000        ; -0.066     ; 1.967      ;
; -0.851 ; cancel_btn_prev   ; change[0]     ; clk          ; clk         ; 1.000        ; -0.068     ; 1.782      ;
; -0.851 ; cancel_btn_prev   ; change[1]     ; clk          ; clk         ; 1.000        ; -0.068     ; 1.782      ;
; -0.851 ; cancel_btn_prev   ; change[2]     ; clk          ; clk         ; 1.000        ; -0.068     ; 1.782      ;
; -0.851 ; cancel_btn_prev   ; change[3]     ; clk          ; clk         ; 1.000        ; -0.068     ; 1.782      ;
; -0.589 ; cancel_btn_prev   ; motor_active  ; clk          ; clk         ; 1.000        ; -0.070     ; 1.518      ;
; -0.577 ; dispense_btn_prev ; motor_active  ; clk          ; clk         ; 1.000        ; -0.066     ; 1.510      ;
; 0.248  ; motor_active      ; motor_active  ; clk          ; clk         ; 1.000        ; -0.068     ; 0.683      ;
+--------+-------------------+---------------+--------------+-------------+--------------+------------+------------+


+-----------------------------------------------------------------------------------------------------------------+
; Slow 1200mV 0C Model Hold: 'clk'                                                                                ;
+-------+-------------------+---------------+--------------+-------------+--------------+------------+------------+
; Slack ; From Node         ; To Node       ; Launch Clock ; Latch Clock ; Relationship ; Clock Skew ; Data Delay ;
+-------+-------------------+---------------+--------------+-------------+--------------+------------+------------+
; 0.358 ; motor_active      ; motor_active  ; clk          ; clk         ; 0.000        ; 0.068      ; 0.597      ;
; 0.541 ; cancel_btn_prev   ; change[1]     ; clk          ; clk         ; 0.000        ; 0.068      ; 0.780      ;
; 0.542 ; cancel_btn_prev   ; change[2]     ; clk          ; clk         ; 0.000        ; 0.068      ; 0.781      ;
; 0.543 ; cancel_btn_prev   ; change[3]     ; clk          ; clk         ; 0.000        ; 0.068      ; 0.782      ;
; 0.562 ; product_price[3]  ; coin_count[3] ; clk          ; clk         ; 0.000        ; 0.070      ; 0.803      ;
; 0.632 ; coin_count[3]     ; coin_count[3] ; clk          ; clk         ; 0.000        ; 0.068      ; 0.871      ;
; 0.656 ; cancel_btn_prev   ; change[0]     ; clk          ; clk         ; 0.000        ; 0.068      ; 0.895      ;
; 0.666 ; coin_count[0]     ; coin_count[0] ; clk          ; clk         ; 0.000        ; 0.068      ; 0.905      ;
; 0.773 ; product_price[1]  ; coin_count[1] ; clk          ; clk         ; 0.000        ; 0.070      ; 1.014      ;
; 0.798 ; coin_count[1]     ; coin_count[1] ; clk          ; clk         ; 0.000        ; 0.068      ; 1.037      ;
; 0.805 ; product_price[2]  ; coin_count[2] ; clk          ; clk         ; 0.000        ; 0.070      ; 1.046      ;
; 0.809 ; coin_count[1]     ; change[1]     ; clk          ; clk         ; 0.000        ; 0.070      ; 1.050      ;
; 0.888 ; coin_count[2]     ; change[2]     ; clk          ; clk         ; 0.000        ; 0.070      ; 1.129      ;
; 0.899 ; coin_count[3]     ; change[3]     ; clk          ; clk         ; 0.000        ; 0.070      ; 1.140      ;
; 0.931 ; coin_count[0]     ; change[0]     ; clk          ; clk         ; 0.000        ; 0.070      ; 1.172      ;
; 0.934 ; coin_count[0]     ; coin_count[1] ; clk          ; clk         ; 0.000        ; 0.068      ; 1.173      ;
; 0.945 ; coin_count[0]     ; coin_count[2] ; clk          ; clk         ; 0.000        ; 0.068      ; 1.184      ;
; 1.000 ; coin_count[2]     ; coin_count[2] ; clk          ; clk         ; 0.000        ; 0.068      ; 1.239      ;
; 1.006 ; product_price[0]  ; coin_count[0] ; clk          ; clk         ; 0.000        ; 0.070      ; 1.247      ;
; 1.040 ; product_price[1]  ; coin_count[2] ; clk          ; clk         ; 0.000        ; 0.070      ; 1.281      ;
; 1.044 ; coin_count[0]     ; coin_count[3] ; clk          ; clk         ; 0.000        ; 0.068      ; 1.283      ;
; 1.073 ; cancel_btn_prev   ; motor_active  ; clk          ; clk         ; 0.000        ; 0.066      ; 1.310      ;
; 1.074 ; product_price[1]  ; coin_count[3] ; clk          ; clk         ; 0.000        ; 0.070      ; 1.315      ;
; 1.084 ; coin_count[1]     ; coin_count[2] ; clk          ; clk         ; 0.000        ; 0.068      ; 1.323      ;
; 1.090 ; product_price[2]  ; coin_count[3] ; clk          ; clk         ; 0.000        ; 0.070      ; 1.331      ;
; 1.130 ; dispense_btn_prev ; motor_active  ; clk          ; clk         ; 0.000        ; 0.070      ; 1.371      ;
; 1.167 ; coin_count[1]     ; coin_count[3] ; clk          ; clk         ; 0.000        ; 0.068      ; 1.406      ;
; 1.183 ; cancel_btn_prev   ; coin_count[0] ; clk          ; clk         ; 0.000        ; 0.066      ; 1.420      ;
; 1.183 ; cancel_btn_prev   ; coin_count[3] ; clk          ; clk         ; 0.000        ; 0.066      ; 1.420      ;
; 1.183 ; cancel_btn_prev   ; coin_count[1] ; clk          ; clk         ; 0.000        ; 0.066      ; 1.420      ;
; 1.183 ; cancel_btn_prev   ; coin_count[2] ; clk          ; clk         ; 0.000        ; 0.066      ; 1.420      ;
; 1.259 ; coin_count[2]     ; coin_count[3] ; clk          ; clk         ; 0.000        ; 0.068      ; 1.498      ;
; 1.335 ; product_price[0]  ; coin_count[1] ; clk          ; clk         ; 0.000        ; 0.070      ; 1.576      ;
; 1.356 ; product_price[0]  ; coin_count[2] ; clk          ; clk         ; 0.000        ; 0.070      ; 1.597      ;
; 1.445 ; product_price[0]  ; coin_count[3] ; clk          ; clk         ; 0.000        ; 0.070      ; 1.686      ;
; 1.486 ; product_price[3]  ; motor_active  ; clk          ; clk         ; 0.000        ; 0.070      ; 1.727      ;
; 1.530 ; dispense_btn_prev ; coin_count[0] ; clk          ; clk         ; 0.000        ; 0.070      ; 1.771      ;
; 1.530 ; dispense_btn_prev ; coin_count[3] ; clk          ; clk         ; 0.000        ; 0.070      ; 1.771      ;
; 1.530 ; dispense_btn_prev ; coin_count[1] ; clk          ; clk         ; 0.000        ; 0.070      ; 1.771      ;
; 1.530 ; dispense_btn_prev ; coin_count[2] ; clk          ; clk         ; 0.000        ; 0.070      ; 1.771      ;
; 1.582 ; product_price[2]  ; motor_active  ; clk          ; clk         ; 0.000        ; 0.070      ; 1.823      ;
; 1.597 ; coin_count[2]     ; motor_active  ; clk          ; clk         ; 0.000        ; 0.068      ; 1.836      ;
; 1.600 ; coin_count[3]     ; motor_active  ; clk          ; clk         ; 0.000        ; 0.068      ; 1.839      ;
; 1.681 ; product_price[0]  ; motor_active  ; clk          ; clk         ; 0.000        ; 0.070      ; 1.922      ;
; 1.759 ; coin_count[1]     ; motor_active  ; clk          ; clk         ; 0.000        ; 0.068      ; 1.998      ;
; 1.790 ; product_price[1]  ; motor_active  ; clk          ; clk         ; 0.000        ; 0.070      ; 2.031      ;
; 1.793 ; coin_count[0]     ; motor_active  ; clk          ; clk         ; 0.000        ; 0.068      ; 2.032      ;
; 1.818 ; dispense_btn_prev ; change[0]     ; clk          ; clk         ; 0.000        ; 0.072      ; 2.061      ;
; 1.818 ; dispense_btn_prev ; change[1]     ; clk          ; clk         ; 0.000        ; 0.072      ; 2.061      ;
; 1.818 ; dispense_btn_prev ; change[2]     ; clk          ; clk         ; 0.000        ; 0.072      ; 2.061      ;
; 1.818 ; dispense_btn_prev ; change[3]     ; clk          ; clk         ; 0.000        ; 0.072      ; 2.061      ;
; 1.886 ; product_price[3]  ; coin_count[0] ; clk          ; clk         ; 0.000        ; 0.070      ; 2.127      ;
; 1.886 ; product_price[3]  ; coin_count[1] ; clk          ; clk         ; 0.000        ; 0.070      ; 2.127      ;
; 1.886 ; product_price[3]  ; coin_count[2] ; clk          ; clk         ; 0.000        ; 0.070      ; 2.127      ;
; 1.956 ; coin_btn_prev     ; coin_count[0] ; clk          ; clk         ; 0.000        ; 0.070      ; 2.197      ;
; 1.956 ; coin_btn_prev     ; coin_count[3] ; clk          ; clk         ; 0.000        ; 0.070      ; 2.197      ;
; 1.956 ; coin_btn_prev     ; coin_count[1] ; clk          ; clk         ; 0.000        ; 0.070      ; 2.197      ;
; 1.956 ; coin_btn_prev     ; coin_count[2] ; clk          ; clk         ; 0.000        ; 0.070      ; 2.197      ;
; 1.982 ; product_price[2]  ; coin_count[0] ; clk          ; clk         ; 0.000        ; 0.070      ; 2.223      ;
; 1.982 ; product_price[2]  ; coin_count[1] ; clk          ; clk         ; 0.000        ; 0.070      ; 2.223      ;
; 1.997 ; coin_count[2]     ; coin_count[0] ; clk          ; clk         ; 0.000        ; 0.068      ; 2.236      ;
; 1.997 ; coin_count[2]     ; coin_count[1] ; clk          ; clk         ; 0.000        ; 0.068      ; 2.236      ;
; 2.000 ; coin_count[3]     ; coin_count[0] ; clk          ; clk         ; 0.000        ; 0.068      ; 2.239      ;
; 2.000 ; coin_count[3]     ; coin_count[1] ; clk          ; clk         ; 0.000        ; 0.068      ; 2.239      ;
; 2.000 ; coin_count[3]     ; coin_count[2] ; clk          ; clk         ; 0.000        ; 0.068      ; 2.239      ;
; 2.174 ; product_price[3]  ; change[0]     ; clk          ; clk         ; 0.000        ; 0.072      ; 2.417      ;
; 2.174 ; product_price[3]  ; change[1]     ; clk          ; clk         ; 0.000        ; 0.072      ; 2.417      ;
; 2.174 ; product_price[3]  ; change[2]     ; clk          ; clk         ; 0.000        ; 0.072      ; 2.417      ;
; 2.174 ; product_price[3]  ; change[3]     ; clk          ; clk         ; 0.000        ; 0.072      ; 2.417      ;
; 2.179 ; coin_count[1]     ; coin_count[0] ; clk          ; clk         ; 0.000        ; 0.068      ; 2.418      ;
; 2.190 ; product_price[1]  ; coin_count[0] ; clk          ; clk         ; 0.000        ; 0.070      ; 2.431      ;
; 2.275 ; coin_count[2]     ; change[0]     ; clk          ; clk         ; 0.000        ; 0.070      ; 2.516      ;
; 2.275 ; coin_count[2]     ; change[1]     ; clk          ; clk         ; 0.000        ; 0.070      ; 2.516      ;
; 2.275 ; coin_count[2]     ; change[3]     ; clk          ; clk         ; 0.000        ; 0.070      ; 2.516      ;
; 2.278 ; product_price[2]  ; change[0]     ; clk          ; clk         ; 0.000        ; 0.072      ; 2.521      ;
; 2.278 ; product_price[2]  ; change[1]     ; clk          ; clk         ; 0.000        ; 0.072      ; 2.521      ;
; 2.278 ; product_price[2]  ; change[2]     ; clk          ; clk         ; 0.000        ; 0.072      ; 2.521      ;
; 2.278 ; product_price[2]  ; change[3]     ; clk          ; clk         ; 0.000        ; 0.072      ; 2.521      ;
; 2.288 ; coin_count[3]     ; change[0]     ; clk          ; clk         ; 0.000        ; 0.070      ; 2.529      ;
; 2.288 ; coin_count[3]     ; change[1]     ; clk          ; clk         ; 0.000        ; 0.070      ; 2.529      ;
; 2.288 ; coin_count[3]     ; change[2]     ; clk          ; clk         ; 0.000        ; 0.070      ; 2.529      ;
; 2.335 ; product_price[0]  ; change[0]     ; clk          ; clk         ; 0.000        ; 0.072      ; 2.578      ;
; 2.335 ; product_price[0]  ; change[1]     ; clk          ; clk         ; 0.000        ; 0.072      ; 2.578      ;
; 2.335 ; product_price[0]  ; change[2]     ; clk          ; clk         ; 0.000        ; 0.072      ; 2.578      ;
; 2.335 ; product_price[0]  ; change[3]     ; clk          ; clk         ; 0.000        ; 0.072      ; 2.578      ;
; 2.396 ; coin_count[1]     ; change[0]     ; clk          ; clk         ; 0.000        ; 0.070      ; 2.637      ;
; 2.396 ; coin_count[1]     ; change[2]     ; clk          ; clk         ; 0.000        ; 0.070      ; 2.637      ;
; 2.396 ; coin_count[1]     ; change[3]     ; clk          ; clk         ; 0.000        ; 0.070      ; 2.637      ;
; 2.430 ; coin_count[0]     ; change[1]     ; clk          ; clk         ; 0.000        ; 0.070      ; 2.671      ;
; 2.430 ; coin_count[0]     ; change[2]     ; clk          ; clk         ; 0.000        ; 0.070      ; 2.671      ;
; 2.430 ; coin_count[0]     ; change[3]     ; clk          ; clk         ; 0.000        ; 0.070      ; 2.671      ;
; 2.471 ; product_price[1]  ; change[0]     ; clk          ; clk         ; 0.000        ; 0.072      ; 2.714      ;
; 2.471 ; product_price[1]  ; change[1]     ; clk          ; clk         ; 0.000        ; 0.072      ; 2.714      ;
; 2.471 ; product_price[1]  ; change[2]     ; clk          ; clk         ; 0.000        ; 0.072      ; 2.714      ;
; 2.471 ; product_price[1]  ; change[3]     ; clk          ; clk         ; 0.000        ; 0.072      ; 2.714      ;
+-------+-------------------+---------------+--------------+-------------+--------------+------------+------------+


----------------------------------------------
; Slow 1200mV 0C Model Metastability Summary ;
----------------------------------------------
No synchronizer chains to report.


+------------------------------------+
; Fast 1200mV 0C Model Setup Summary ;
+-------+--------+-------------------+
; Clock ; Slack  ; End Point TNS     ;
+-------+--------+-------------------+
; clk   ; -0.563 ; -4.722            ;
+-------+--------+-------------------+


+-----------------------------------+
; Fast 1200mV 0C Model Hold Summary ;
+-------+-------+-------------------+
; Clock ; Slack ; End Point TNS     ;
+-------+-------+-------------------+
; clk   ; 0.185 ; 0.000             ;
+-------+-------+-------------------+


-----------------------------------------
; Fast 1200mV 0C Model Recovery Summary ;
-----------------------------------------
No paths to report.


----------------------------------------
; Fast 1200mV 0C Model Removal Summary ;
----------------------------------------
No paths to report.


+--------------------------------------------------+
; Fast 1200mV 0C Model Minimum Pulse Width Summary ;
+-------+--------+---------------------------------+
; Clock ; Slack  ; End Point TNS                   ;
+-------+--------+---------------------------------+
; clk   ; -3.000 ; -19.976                         ;
+-------+--------+---------------------------------+


+------------------------------------------------------------------------------------------------------------------+
; Fast 1200mV 0C Model Setup: 'clk'                                                                                ;
+--------+-------------------+---------------+--------------+-------------+--------------+------------+------------+
; Slack  ; From Node         ; To Node       ; Launch Clock ; Latch Clock ; Relationship ; Clock Skew ; Data Delay ;
+--------+-------------------+---------------+--------------+-------------+--------------+------------+------------+
; -0.563 ; coin_count[3]     ; coin_count[0] ; clk          ; clk         ; 1.000        ; -0.038     ; 1.512      ;
; -0.563 ; coin_count[3]     ; coin_count[3] ; clk          ; clk         ; 1.000        ; -0.038     ; 1.512      ;
; -0.563 ; coin_count[3]     ; coin_count[1] ; clk          ; clk         ; 1.000        ; -0.038     ; 1.512      ;
; -0.563 ; coin_count[3]     ; coin_count[2] ; clk          ; clk         ; 1.000        ; -0.038     ; 1.512      ;
; -0.548 ; coin_count[3]     ; change[0]     ; clk          ; clk         ; 1.000        ; -0.036     ; 1.499      ;
; -0.548 ; coin_count[3]     ; change[1]     ; clk          ; clk         ; 1.000        ; -0.036     ; 1.499      ;
; -0.548 ; coin_count[3]     ; change[2]     ; clk          ; clk         ; 1.000        ; -0.036     ; 1.499      ;
; -0.548 ; coin_count[3]     ; change[3]     ; clk          ; clk         ; 1.000        ; -0.036     ; 1.499      ;
; -0.545 ; coin_count[2]     ; coin_count[0] ; clk          ; clk         ; 1.000        ; -0.038     ; 1.494      ;
; -0.545 ; coin_count[2]     ; coin_count[3] ; clk          ; clk         ; 1.000        ; -0.038     ; 1.494      ;
; -0.545 ; coin_count[2]     ; coin_count[1] ; clk          ; clk         ; 1.000        ; -0.038     ; 1.494      ;
; -0.545 ; coin_count[2]     ; coin_count[2] ; clk          ; clk         ; 1.000        ; -0.038     ; 1.494      ;
; -0.535 ; coin_count[1]     ; coin_count[0] ; clk          ; clk         ; 1.000        ; -0.038     ; 1.484      ;
; -0.535 ; coin_count[1]     ; coin_count[3] ; clk          ; clk         ; 1.000        ; -0.038     ; 1.484      ;
; -0.535 ; coin_count[1]     ; coin_count[1] ; clk          ; clk         ; 1.000        ; -0.038     ; 1.484      ;
; -0.535 ; coin_count[1]     ; coin_count[2] ; clk          ; clk         ; 1.000        ; -0.038     ; 1.484      ;
; -0.471 ; product_price[3]  ; change[0]     ; clk          ; clk         ; 1.000        ; -0.034     ; 1.424      ;
; -0.471 ; product_price[3]  ; change[1]     ; clk          ; clk         ; 1.000        ; -0.034     ; 1.424      ;
; -0.471 ; product_price[3]  ; change[2]     ; clk          ; clk         ; 1.000        ; -0.034     ; 1.424      ;
; -0.471 ; product_price[3]  ; change[3]     ; clk          ; clk         ; 1.000        ; -0.034     ; 1.424      ;
; -0.470 ; coin_count[0]     ; change[0]     ; clk          ; clk         ; 1.000        ; -0.036     ; 1.421      ;
; -0.470 ; coin_count[0]     ; change[1]     ; clk          ; clk         ; 1.000        ; -0.036     ; 1.421      ;
; -0.470 ; coin_count[0]     ; change[2]     ; clk          ; clk         ; 1.000        ; -0.036     ; 1.421      ;
; -0.470 ; coin_count[0]     ; change[3]     ; clk          ; clk         ; 1.000        ; -0.036     ; 1.421      ;
; -0.469 ; product_price[1]  ; change[0]     ; clk          ; clk         ; 1.000        ; -0.034     ; 1.422      ;
; -0.469 ; product_price[1]  ; change[1]     ; clk          ; clk         ; 1.000        ; -0.034     ; 1.422      ;
; -0.469 ; product_price[1]  ; change[2]     ; clk          ; clk         ; 1.000        ; -0.034     ; 1.422      ;
; -0.469 ; product_price[1]  ; change[3]     ; clk          ; clk         ; 1.000        ; -0.034     ; 1.422      ;
; -0.461 ; coin_count[1]     ; change[0]     ; clk          ; clk         ; 1.000        ; -0.036     ; 1.412      ;
; -0.461 ; coin_count[1]     ; change[1]     ; clk          ; clk         ; 1.000        ; -0.036     ; 1.412      ;
; -0.461 ; coin_count[1]     ; change[2]     ; clk          ; clk         ; 1.000        ; -0.036     ; 1.412      ;
; -0.461 ; coin_count[1]     ; change[3]     ; clk          ; clk         ; 1.000        ; -0.036     ; 1.412      ;
; -0.432 ; coin_count[0]     ; coin_count[0] ; clk          ; clk         ; 1.000        ; -0.038     ; 1.381      ;
; -0.432 ; coin_count[0]     ; coin_count[3] ; clk          ; clk         ; 1.000        ; -0.038     ; 1.381      ;
; -0.432 ; coin_count[0]     ; coin_count[1] ; clk          ; clk         ; 1.000        ; -0.038     ; 1.381      ;
; -0.432 ; coin_count[0]     ; coin_count[2] ; clk          ; clk         ; 1.000        ; -0.038     ; 1.381      ;
; -0.424 ; product_price[3]  ; coin_count[0] ; clk          ; clk         ; 1.000        ; -0.036     ; 1.375      ;
; -0.424 ; product_price[3]  ; coin_count[3] ; clk          ; clk         ; 1.000        ; -0.036     ; 1.375      ;
; -0.424 ; product_price[3]  ; coin_count[1] ; clk          ; clk         ; 1.000        ; -0.036     ; 1.375      ;
; -0.424 ; product_price[3]  ; coin_count[2] ; clk          ; clk         ; 1.000        ; -0.036     ; 1.375      ;
; -0.422 ; product_price[1]  ; coin_count[0] ; clk          ; clk         ; 1.000        ; -0.036     ; 1.373      ;
; -0.422 ; product_price[1]  ; coin_count[3] ; clk          ; clk         ; 1.000        ; -0.036     ; 1.373      ;
; -0.422 ; product_price[1]  ; coin_count[1] ; clk          ; clk         ; 1.000        ; -0.036     ; 1.373      ;
; -0.422 ; product_price[1]  ; coin_count[2] ; clk          ; clk         ; 1.000        ; -0.036     ; 1.373      ;
; -0.400 ; product_price[0]  ; change[0]     ; clk          ; clk         ; 1.000        ; -0.034     ; 1.353      ;
; -0.400 ; product_price[0]  ; change[1]     ; clk          ; clk         ; 1.000        ; -0.034     ; 1.353      ;
; -0.400 ; product_price[0]  ; change[2]     ; clk          ; clk         ; 1.000        ; -0.034     ; 1.353      ;
; -0.400 ; product_price[0]  ; change[3]     ; clk          ; clk         ; 1.000        ; -0.034     ; 1.353      ;
; -0.390 ; coin_count[2]     ; change[0]     ; clk          ; clk         ; 1.000        ; -0.036     ; 1.341      ;
; -0.390 ; coin_count[2]     ; change[1]     ; clk          ; clk         ; 1.000        ; -0.036     ; 1.341      ;
; -0.390 ; coin_count[2]     ; change[2]     ; clk          ; clk         ; 1.000        ; -0.036     ; 1.341      ;
; -0.390 ; coin_count[2]     ; change[3]     ; clk          ; clk         ; 1.000        ; -0.036     ; 1.341      ;
; -0.384 ; product_price[2]  ; change[0]     ; clk          ; clk         ; 1.000        ; -0.034     ; 1.337      ;
; -0.384 ; product_price[2]  ; change[1]     ; clk          ; clk         ; 1.000        ; -0.034     ; 1.337      ;
; -0.384 ; product_price[2]  ; change[2]     ; clk          ; clk         ; 1.000        ; -0.034     ; 1.337      ;
; -0.384 ; product_price[2]  ; change[3]     ; clk          ; clk         ; 1.000        ; -0.034     ; 1.337      ;
; -0.353 ; product_price[0]  ; coin_count[0] ; clk          ; clk         ; 1.000        ; -0.036     ; 1.304      ;
; -0.353 ; product_price[0]  ; coin_count[3] ; clk          ; clk         ; 1.000        ; -0.036     ; 1.304      ;
; -0.353 ; product_price[0]  ; coin_count[1] ; clk          ; clk         ; 1.000        ; -0.036     ; 1.304      ;
; -0.353 ; product_price[0]  ; coin_count[2] ; clk          ; clk         ; 1.000        ; -0.036     ; 1.304      ;
; -0.337 ; product_price[2]  ; coin_count[0] ; clk          ; clk         ; 1.000        ; -0.036     ; 1.288      ;
; -0.337 ; product_price[2]  ; coin_count[3] ; clk          ; clk         ; 1.000        ; -0.036     ; 1.288      ;
; -0.337 ; product_price[2]  ; coin_count[1] ; clk          ; clk         ; 1.000        ; -0.036     ; 1.288      ;
; -0.337 ; product_price[2]  ; coin_count[2] ; clk          ; clk         ; 1.000        ; -0.036     ; 1.288      ;
; -0.278 ; coin_count[3]     ; motor_active  ; clk          ; clk         ; 1.000        ; -0.038     ; 1.227      ;
; -0.243 ; cancel_btn_prev   ; coin_count[0] ; clk          ; clk         ; 1.000        ; -0.040     ; 1.190      ;
; -0.243 ; cancel_btn_prev   ; coin_count[3] ; clk          ; clk         ; 1.000        ; -0.040     ; 1.190      ;
; -0.243 ; cancel_btn_prev   ; coin_count[1] ; clk          ; clk         ; 1.000        ; -0.040     ; 1.190      ;
; -0.243 ; cancel_btn_prev   ; coin_count[2] ; clk          ; clk         ; 1.000        ; -0.040     ; 1.190      ;
; -0.203 ; coin_btn_prev     ; coin_count[0] ; clk          ; clk         ; 1.000        ; -0.036     ; 1.154      ;
; -0.203 ; coin_btn_prev     ; coin_count[3] ; clk          ; clk         ; 1.000        ; -0.036     ; 1.154      ;
; -0.203 ; coin_btn_prev     ; coin_count[1] ; clk          ; clk         ; 1.000        ; -0.036     ; 1.154      ;
; -0.203 ; coin_btn_prev     ; coin_count[2] ; clk          ; clk         ; 1.000        ; -0.036     ; 1.154      ;
; -0.201 ; product_price[3]  ; motor_active  ; clk          ; clk         ; 1.000        ; -0.036     ; 1.152      ;
; -0.199 ; product_price[1]  ; motor_active  ; clk          ; clk         ; 1.000        ; -0.036     ; 1.150      ;
; -0.186 ; coin_count[0]     ; motor_active  ; clk          ; clk         ; 1.000        ; -0.038     ; 1.135      ;
; -0.177 ; coin_count[1]     ; motor_active  ; clk          ; clk         ; 1.000        ; -0.038     ; 1.126      ;
; -0.148 ; dispense_btn_prev ; change[0]     ; clk          ; clk         ; 1.000        ; -0.034     ; 1.101      ;
; -0.148 ; dispense_btn_prev ; change[1]     ; clk          ; clk         ; 1.000        ; -0.034     ; 1.101      ;
; -0.148 ; dispense_btn_prev ; change[2]     ; clk          ; clk         ; 1.000        ; -0.034     ; 1.101      ;
; -0.148 ; dispense_btn_prev ; change[3]     ; clk          ; clk         ; 1.000        ; -0.034     ; 1.101      ;
; -0.130 ; product_price[0]  ; motor_active  ; clk          ; clk         ; 1.000        ; -0.036     ; 1.081      ;
; -0.114 ; product_price[2]  ; motor_active  ; clk          ; clk         ; 1.000        ; -0.036     ; 1.065      ;
; -0.106 ; coin_count[2]     ; motor_active  ; clk          ; clk         ; 1.000        ; -0.038     ; 1.055      ;
; -0.060 ; dispense_btn_prev ; coin_count[0] ; clk          ; clk         ; 1.000        ; -0.036     ; 1.011      ;
; -0.060 ; dispense_btn_prev ; coin_count[3] ; clk          ; clk         ; 1.000        ; -0.036     ; 1.011      ;
; -0.060 ; dispense_btn_prev ; coin_count[1] ; clk          ; clk         ; 1.000        ; -0.036     ; 1.011      ;
; -0.060 ; dispense_btn_prev ; coin_count[2] ; clk          ; clk         ; 1.000        ; -0.036     ; 1.011      ;
; 0.017  ; cancel_btn_prev   ; change[0]     ; clk          ; clk         ; 1.000        ; -0.038     ; 0.932      ;
; 0.017  ; cancel_btn_prev   ; change[1]     ; clk          ; clk         ; 1.000        ; -0.038     ; 0.932      ;
; 0.017  ; cancel_btn_prev   ; change[2]     ; clk          ; clk         ; 1.000        ; -0.038     ; 0.932      ;
; 0.017  ; cancel_btn_prev   ; change[3]     ; clk          ; clk         ; 1.000        ; -0.038     ; 0.932      ;
; 0.149  ; cancel_btn_prev   ; motor_active  ; clk          ; clk         ; 1.000        ; -0.040     ; 0.798      ;
; 0.167  ; dispense_btn_prev ; motor_active  ; clk          ; clk         ; 1.000        ; -0.036     ; 0.784      ;
; 0.590  ; motor_active      ; motor_active  ; clk          ; clk         ; 1.000        ; -0.038     ; 0.359      ;
+--------+-------------------+---------------+--------------+-------------+--------------+------------+------------+


+-----------------------------------------------------------------------------------------------------------------+
; Fast 1200mV 0C Model Hold: 'clk'                                                                                ;
+-------+-------------------+---------------+--------------+-------------+--------------+------------+------------+
; Slack ; From Node         ; To Node       ; Launch Clock ; Latch Clock ; Relationship ; Clock Skew ; Data Delay ;
+-------+-------------------+---------------+--------------+-------------+--------------+------------+------------+
; 0.185 ; motor_active      ; motor_active  ; clk          ; clk         ; 0.000        ; 0.038      ; 0.307      ;
; 0.270 ; product_price[3]  ; coin_count[3] ; clk          ; clk         ; 0.000        ; 0.040      ; 0.394      ;
; 0.270 ; cancel_btn_prev   ; change[1]     ; clk          ; clk         ; 0.000        ; 0.038      ; 0.392      ;
; 0.271 ; cancel_btn_prev   ; change[2]     ; clk          ; clk         ; 0.000        ; 0.038      ; 0.393      ;
; 0.272 ; cancel_btn_prev   ; change[3]     ; clk          ; clk         ; 0.000        ; 0.038      ; 0.394      ;
; 0.320 ; coin_count[3]     ; coin_count[3] ; clk          ; clk         ; 0.000        ; 0.038      ; 0.442      ;
; 0.335 ; cancel_btn_prev   ; change[0]     ; clk          ; clk         ; 0.000        ; 0.038      ; 0.457      ;
; 0.337 ; coin_count[0]     ; coin_count[0] ; clk          ; clk         ; 0.000        ; 0.038      ; 0.459      ;
; 0.374 ; product_price[1]  ; coin_count[1] ; clk          ; clk         ; 0.000        ; 0.040      ; 0.498      ;
; 0.386 ; product_price[2]  ; coin_count[2] ; clk          ; clk         ; 0.000        ; 0.040      ; 0.510      ;
; 0.392 ; coin_count[1]     ; coin_count[1] ; clk          ; clk         ; 0.000        ; 0.038      ; 0.514      ;
; 0.397 ; coin_count[1]     ; change[1]     ; clk          ; clk         ; 0.000        ; 0.040      ; 0.521      ;
; 0.437 ; coin_count[2]     ; change[2]     ; clk          ; clk         ; 0.000        ; 0.040      ; 0.561      ;
; 0.438 ; coin_count[3]     ; change[3]     ; clk          ; clk         ; 0.000        ; 0.040      ; 0.562      ;
; 0.454 ; coin_count[0]     ; change[0]     ; clk          ; clk         ; 0.000        ; 0.040      ; 0.578      ;
; 0.489 ; coin_count[0]     ; coin_count[1] ; clk          ; clk         ; 0.000        ; 0.038      ; 0.611      ;
; 0.492 ; coin_count[0]     ; coin_count[2] ; clk          ; clk         ; 0.000        ; 0.038      ; 0.614      ;
; 0.494 ; coin_count[2]     ; coin_count[2] ; clk          ; clk         ; 0.000        ; 0.038      ; 0.616      ;
; 0.506 ; product_price[0]  ; coin_count[0] ; clk          ; clk         ; 0.000        ; 0.040      ; 0.630      ;
; 0.533 ; product_price[1]  ; coin_count[2] ; clk          ; clk         ; 0.000        ; 0.040      ; 0.657      ;
; 0.534 ; product_price[2]  ; coin_count[3] ; clk          ; clk         ; 0.000        ; 0.040      ; 0.658      ;
; 0.536 ; product_price[1]  ; coin_count[3] ; clk          ; clk         ; 0.000        ; 0.040      ; 0.660      ;
; 0.541 ; coin_count[1]     ; coin_count[2] ; clk          ; clk         ; 0.000        ; 0.038      ; 0.663      ;
; 0.544 ; cancel_btn_prev   ; motor_active  ; clk          ; clk         ; 0.000        ; 0.036      ; 0.664      ;
; 0.555 ; coin_count[0]     ; coin_count[3] ; clk          ; clk         ; 0.000        ; 0.038      ; 0.677      ;
; 0.586 ; cancel_btn_prev   ; coin_count[0] ; clk          ; clk         ; 0.000        ; 0.036      ; 0.706      ;
; 0.586 ; cancel_btn_prev   ; coin_count[3] ; clk          ; clk         ; 0.000        ; 0.036      ; 0.706      ;
; 0.586 ; cancel_btn_prev   ; coin_count[1] ; clk          ; clk         ; 0.000        ; 0.036      ; 0.706      ;
; 0.586 ; cancel_btn_prev   ; coin_count[2] ; clk          ; clk         ; 0.000        ; 0.036      ; 0.706      ;
; 0.594 ; dispense_btn_prev ; motor_active  ; clk          ; clk         ; 0.000        ; 0.040      ; 0.718      ;
; 0.604 ; coin_count[1]     ; coin_count[3] ; clk          ; clk         ; 0.000        ; 0.038      ; 0.726      ;
; 0.649 ; product_price[0]  ; coin_count[1] ; clk          ; clk         ; 0.000        ; 0.040      ; 0.773      ;
; 0.652 ; coin_count[2]     ; coin_count[3] ; clk          ; clk         ; 0.000        ; 0.038      ; 0.774      ;
; 0.712 ; product_price[0]  ; coin_count[2] ; clk          ; clk         ; 0.000        ; 0.040      ; 0.836      ;
; 0.715 ; product_price[0]  ; coin_count[3] ; clk          ; clk         ; 0.000        ; 0.040      ; 0.839      ;
; 0.780 ; product_price[2]  ; motor_active  ; clk          ; clk         ; 0.000        ; 0.040      ; 0.904      ;
; 0.786 ; product_price[3]  ; motor_active  ; clk          ; clk         ; 0.000        ; 0.040      ; 0.910      ;
; 0.805 ; dispense_btn_prev ; coin_count[0] ; clk          ; clk         ; 0.000        ; 0.040      ; 0.929      ;
; 0.805 ; dispense_btn_prev ; coin_count[3] ; clk          ; clk         ; 0.000        ; 0.040      ; 0.929      ;
; 0.805 ; dispense_btn_prev ; coin_count[1] ; clk          ; clk         ; 0.000        ; 0.040      ; 0.929      ;
; 0.805 ; dispense_btn_prev ; coin_count[2] ; clk          ; clk         ; 0.000        ; 0.040      ; 0.929      ;
; 0.818 ; coin_count[3]     ; motor_active  ; clk          ; clk         ; 0.000        ; 0.038      ; 0.940      ;
; 0.821 ; product_price[0]  ; motor_active  ; clk          ; clk         ; 0.000        ; 0.040      ; 0.945      ;
; 0.833 ; coin_count[2]     ; motor_active  ; clk          ; clk         ; 0.000        ; 0.038      ; 0.955      ;
; 0.876 ; product_price[1]  ; motor_active  ; clk          ; clk         ; 0.000        ; 0.040      ; 1.000      ;
; 0.910 ; coin_count[1]     ; motor_active  ; clk          ; clk         ; 0.000        ; 0.038      ; 1.032      ;
; 0.940 ; coin_count[0]     ; motor_active  ; clk          ; clk         ; 0.000        ; 0.038      ; 1.062      ;
; 0.950 ; dispense_btn_prev ; change[0]     ; clk          ; clk         ; 0.000        ; 0.042      ; 1.076      ;
; 0.950 ; dispense_btn_prev ; change[1]     ; clk          ; clk         ; 0.000        ; 0.042      ; 1.076      ;
; 0.950 ; dispense_btn_prev ; change[2]     ; clk          ; clk         ; 0.000        ; 0.042      ; 1.076      ;
; 0.950 ; dispense_btn_prev ; change[3]     ; clk          ; clk         ; 0.000        ; 0.042      ; 1.076      ;
; 0.977 ; product_price[2]  ; coin_count[0] ; clk          ; clk         ; 0.000        ; 0.040      ; 1.101      ;
; 0.977 ; product_price[2]  ; coin_count[1] ; clk          ; clk         ; 0.000        ; 0.040      ; 1.101      ;
; 0.983 ; product_price[3]  ; coin_count[0] ; clk          ; clk         ; 0.000        ; 0.040      ; 1.107      ;
; 0.983 ; product_price[3]  ; coin_count[1] ; clk          ; clk         ; 0.000        ; 0.040      ; 1.107      ;
; 0.983 ; product_price[3]  ; coin_count[2] ; clk          ; clk         ; 0.000        ; 0.040      ; 1.107      ;
; 0.992 ; coin_btn_prev     ; coin_count[0] ; clk          ; clk         ; 0.000        ; 0.040      ; 1.116      ;
; 0.992 ; coin_btn_prev     ; coin_count[3] ; clk          ; clk         ; 0.000        ; 0.040      ; 1.116      ;
; 0.992 ; coin_btn_prev     ; coin_count[1] ; clk          ; clk         ; 0.000        ; 0.040      ; 1.116      ;
; 0.992 ; coin_btn_prev     ; coin_count[2] ; clk          ; clk         ; 0.000        ; 0.040      ; 1.116      ;
; 1.032 ; coin_count[3]     ; coin_count[0] ; clk          ; clk         ; 0.000        ; 0.038      ; 1.154      ;
; 1.032 ; coin_count[3]     ; coin_count[1] ; clk          ; clk         ; 0.000        ; 0.038      ; 1.154      ;
; 1.032 ; coin_count[3]     ; coin_count[2] ; clk          ; clk         ; 0.000        ; 0.038      ; 1.154      ;
; 1.040 ; coin_count[2]     ; coin_count[0] ; clk          ; clk         ; 0.000        ; 0.038      ; 1.162      ;
; 1.040 ; coin_count[2]     ; coin_count[1] ; clk          ; clk         ; 0.000        ; 0.038      ; 1.162      ;
; 1.073 ; product_price[1]  ; coin_count[0] ; clk          ; clk         ; 0.000        ; 0.040      ; 1.197      ;
; 1.107 ; coin_count[1]     ; coin_count[0] ; clk          ; clk         ; 0.000        ; 0.038      ; 1.229      ;
; 1.122 ; product_price[2]  ; change[0]     ; clk          ; clk         ; 0.000        ; 0.042      ; 1.248      ;
; 1.122 ; product_price[2]  ; change[1]     ; clk          ; clk         ; 0.000        ; 0.042      ; 1.248      ;
; 1.122 ; product_price[2]  ; change[2]     ; clk          ; clk         ; 0.000        ; 0.042      ; 1.248      ;
; 1.122 ; product_price[2]  ; change[3]     ; clk          ; clk         ; 0.000        ; 0.042      ; 1.248      ;
; 1.154 ; coin_count[2]     ; change[0]     ; clk          ; clk         ; 0.000        ; 0.040      ; 1.278      ;
; 1.154 ; coin_count[2]     ; change[1]     ; clk          ; clk         ; 0.000        ; 0.040      ; 1.278      ;
; 1.154 ; coin_count[2]     ; change[3]     ; clk          ; clk         ; 0.000        ; 0.040      ; 1.278      ;
; 1.158 ; product_price[3]  ; change[0]     ; clk          ; clk         ; 0.000        ; 0.042      ; 1.284      ;
; 1.158 ; product_price[3]  ; change[1]     ; clk          ; clk         ; 0.000        ; 0.042      ; 1.284      ;
; 1.158 ; product_price[3]  ; change[2]     ; clk          ; clk         ; 0.000        ; 0.042      ; 1.284      ;
; 1.158 ; product_price[3]  ; change[3]     ; clk          ; clk         ; 0.000        ; 0.042      ; 1.284      ;
; 1.163 ; product_price[0]  ; change[0]     ; clk          ; clk         ; 0.000        ; 0.042      ; 1.289      ;
; 1.163 ; product_price[0]  ; change[1]     ; clk          ; clk         ; 0.000        ; 0.042      ; 1.289      ;
; 1.163 ; product_price[0]  ; change[2]     ; clk          ; clk         ; 0.000        ; 0.042      ; 1.289      ;
; 1.163 ; product_price[0]  ; change[3]     ; clk          ; clk         ; 0.000        ; 0.042      ; 1.289      ;
; 1.174 ; coin_count[3]     ; change[0]     ; clk          ; clk         ; 0.000        ; 0.040      ; 1.298      ;
; 1.174 ; coin_count[3]     ; change[1]     ; clk          ; clk         ; 0.000        ; 0.040      ; 1.298      ;
; 1.174 ; coin_count[3]     ; change[2]     ; clk          ; clk         ; 0.000        ; 0.040      ; 1.298      ;
; 1.218 ; product_price[1]  ; change[0]     ; clk          ; clk         ; 0.000        ; 0.042      ; 1.344      ;
; 1.218 ; product_price[1]  ; change[1]     ; clk          ; clk         ; 0.000        ; 0.042      ; 1.344      ;
; 1.218 ; product_price[1]  ; change[2]     ; clk          ; clk         ; 0.000        ; 0.042      ; 1.344      ;
; 1.218 ; product_price[1]  ; change[3]     ; clk          ; clk         ; 0.000        ; 0.042      ; 1.344      ;
; 1.241 ; coin_count[1]     ; change[0]     ; clk          ; clk         ; 0.000        ; 0.040      ; 1.365      ;
; 1.241 ; coin_count[1]     ; change[2]     ; clk          ; clk         ; 0.000        ; 0.040      ; 1.365      ;
; 1.241 ; coin_count[1]     ; change[3]     ; clk          ; clk         ; 0.000        ; 0.040      ; 1.365      ;
; 1.261 ; coin_count[0]     ; change[1]     ; clk          ; clk         ; 0.000        ; 0.040      ; 1.385      ;
; 1.261 ; coin_count[0]     ; change[2]     ; clk          ; clk         ; 0.000        ; 0.040      ; 1.385      ;
; 1.261 ; coin_count[0]     ; change[3]     ; clk          ; clk         ; 0.000        ; 0.040      ; 1.385      ;
+-------+-------------------+---------------+--------------+-------------+--------------+------------+------------+


----------------------------------------------
; Fast 1200mV 0C Model Metastability Summary ;
----------------------------------------------
No synchronizer chains to report.


+-------------------------------------------------------------------------------+
; Multicorner Timing Analysis Summary                                           ;
+------------------+---------+-------+----------+---------+---------------------+
; Clock            ; Setup   ; Hold  ; Recovery ; Removal ; Minimum Pulse Width ;
+------------------+---------+-------+----------+---------+---------------------+
; Worst-case Slack ; -2.260  ; 0.185 ; N/A      ; N/A     ; -3.000              ;
;  clk             ; -2.260  ; 0.185 ; N/A      ; N/A     ; -3.000              ;
; Design-wide TNS  ; -19.686 ; 0.0   ; 0.0      ; 0.0     ; -23.56              ;
;  clk             ; -19.686 ; 0.000 ; N/A      ; N/A     ; -23.560             ;
+------------------+---------+-------+----------+---------+---------------------+


+----------------------------------------------------------------------------------------------------------------------------------------------------------------------------------------------------------------------------------------------------------------------------------------------------------------------------------------------------------------------------------------------------------------------+
; Board Trace Model Assignments                                                                                                                                                                                                                                                                                                                                                                                        ;
+-------------------+--------------+-------------------+-------------------------+-------------------------+---------------+---------------------+----------------+------------------+--------+------------------+------------------------+------------------------+--------------+---------------+-----------------+-------+---------------------+--------------------+---------------+-----------------+-------------+
; Pin               ; I/O Standard ; Near Tline Length ; Near Tline L per Length ; Near Tline C per Length ; Near Series R ; Near Differential R ; Near Pull-up R ; Near Pull-down R ; Near C ; Far Tline Length ; Far Tline L per Length ; Far Tline C per Length ; Far Series R ; Far Pull-up R ; Far Pull-down R ; Far C ; Termination Voltage ; Far Differential R ; EBD File Name ; EBD Signal Name ; EBD Far-end ;
+-------------------+--------------+-------------------+-------------------------+-------------------------+---------------+---------------------+----------------+------------------+--------+------------------+------------------------+------------------------+--------------+---------------+-----------------+-------+---------------------+--------------------+---------------+-----------------+-------------+
; display_credit[0] ; 2.5 V        ; 0 in              ; 0 H/in                  ; 0 F/in                  ; short         ; -                   ; open           ; open             ; open   ; 0 in             ; 0 H/in                 ; 0 F/in                 ; short        ; open          ; open            ; open  ; 0 V                 ; -                  ; n/a           ; n/a             ; n/a         ;
; display_credit[1] ; 2.5 V        ; 0 in              ; 0 H/in                  ; 0 F/in                  ; short         ; -                   ; open           ; open             ; open   ; 0 in             ; 0 H/in                 ; 0 F/in                 ; short        ; open          ; open            ; open  ; 0 V                 ; -                  ; n/a           ; n/a             ; n/a         ;
; display_credit[2] ; 2.5 V        ; 0 in              ; 0 H/in                  ; 0 F/in                  ; short         ; -                   ; open           ; open             ; open   ; 0 in             ; 0 H/in                 ; 0 F/in                 ; short        ; open          ; open            ; open  ; 0 V                 ; -                  ; n/a           ; n/a             ; n/a         ;
; display_credit[3] ; 2.5 V        ; 0 in              ; 0 H/in                  ; 0 F/in                  ; short         ; -                   ; open           ; open             ; open   ; 0 in             ; 0 H/in                 ; 0 F/in                 ; short        ; open          ; open            ; open  ; 0 V                 ; -                  ; n/a           ; n/a             ; n/a         ;
; display_credit[4] ; 2.5 V        ; 0 in              ; 0 H/in                  ; 0 F/in                  ; short         ; -                   ; open           ; open             ; open   ; 0 in             ; 0 H/in                 ; 0 F/in                 ; short        ; open          ; open            ; open  ; 0 V                 ; -                  ; n/a           ; n/a             ; n/a         ;
; display_credit[5] ; 2.5 V        ; 0 in              ; 0 H/in                  ; 0 F/in                  ; short         ; -                   ; open           ; open             ; open   ; 0 in             ; 0 H/in                 ; 0 F/in                 ; short        ; open          ; open            ; open  ; 0 V                 ; -                  ; n/a           ; n/a             ; n/a         ;
; display_credit[6] ; 2.5 V        ; 0 in              ; 0 H/in                  ; 0 F/in                  ; short         ; -                   ; open           ; open             ; open   ; 0 in             ; 0 H/in                 ; 0 F/in                 ; short        ; open          ; open            ; open  ; 0 V                 ; -                  ; n/a           ; n/a             ; n/a         ;
; display_change[0] ; 2.5 V        ; 0 in              ; 0 H/in                  ; 0 F/in                  ; short         ; -                   ; open           ; open             ; open   ; 0 in             ; 0 H/in                 ; 0 F/in                 ; short        ; open          ; open            ; open  ; 0 V                 ; -                  ; n/a           ; n/a             ; n/a         ;
; display_change[1] ; 2.5 V        ; 0 in              ; 0 H/in                  ; 0 F/in                  ; short         ; -                   ; open           ; open             ; open   ; 0 in             ; 0 H/in                 ; 0 F/in                 ; short        ; open          ; open            ; open  ; 0 V                 ; -                  ; n/a           ; n/a             ; n/a         ;
; display_change[2] ; 2.5 V        ; 0 in              ; 0 H/in                  ; 0 F/in                  ; short         ; -                   ; open           ; open             ; open   ; 0 in             ; 0 H/in                 ; 0 F/in                 ; short        ; open          ; open            ; open  ; 0 V                 ; -                  ; n/a           ; n/a             ; n/a         ;
; display_change[3] ; 2.5 V        ; 0 in              ; 0 H/in                  ; 0 F/in                  ; short         ; -                   ; open           ; open             ; open   ; 0 in             ; 0 H/in                 ; 0 F/in                 ; short        ; open          ; open            ; open  ; 0 V                 ; -                  ; n/a           ; n/a             ; n/a         ;
; display_change[4] ; 2.5 V        ; 0 in              ; 0 H/in                  ; 0 F/in                  ; short         ; -                   ; open           ; open             ; open   ; 0 in             ; 0 H/in                 ; 0 F/in                 ; short        ; open          ; open            ; open  ; 0 V                 ; -                  ; n/a           ; n/a             ; n/a         ;
; display_change[5] ; 2.5 V        ; 0 in              ; 0 H/in                  ; 0 F/in                  ; short         ; -                   ; open           ; open             ; open   ; 0 in             ; 0 H/in                 ; 0 F/in                 ; short        ; open          ; open            ; open  ; 0 V                 ; -                  ; n/a           ; n/a             ; n/a         ;
; display_change[6] ; 2.5 V        ; 0 in              ; 0 H/in                  ; 0 F/in                  ; short         ; -                   ; open           ; open             ; open   ; 0 in             ; 0 H/in                 ; 0 F/in                 ; short        ; open          ; open            ; open  ; 0 V                 ; -                  ; n/a           ; n/a             ; n/a         ;
; display_price[0]  ; 2.5 V        ; 0 in              ; 0 H/in                  ; 0 F/in                  ; short         ; -                   ; open           ; open             ; open   ; 0 in             ; 0 H/in                 ; 0 F/in                 ; short        ; open          ; open            ; open  ; 0 V                 ; -                  ; n/a           ; n/a             ; n/a         ;
; display_price[1]  ; 2.5 V        ; 0 in              ; 0 H/in                  ; 0 F/in                  ; short         ; -                   ; open           ; open             ; open   ; 0 in             ; 0 H/in                 ; 0 F/in                 ; short        ; open          ; open            ; open  ; 0 V                 ; -                  ; n/a           ; n/a             ; n/a         ;
; display_price[2]  ; 2.5 V        ; 0 in              ; 0 H/in                  ; 0 F/in                  ; short         ; -                   ; open           ; open             ; open   ; 0 in             ; 0 H/in                 ; 0 F/in                 ; short        ; open          ; open            ; open  ; 0 V                 ; -                  ; n/a           ; n/a             ; n/a         ;
; display_price[3]  ; 2.5 V        ; 0 in              ; 0 H/in                  ; 0 F/in                  ; short         ; -                   ; open           ; open             ; open   ; 0 in             ; 0 H/in                 ; 0 F/in                 ; short        ; open          ; open            ; open  ; 0 V                 ; -                  ; n/a           ; n/a             ; n/a         ;
; display_price[4]  ; 2.5 V        ; 0 in              ; 0 H/in                  ; 0 F/in                  ; short         ; -                   ; open           ; open             ; open   ; 0 in             ; 0 H/in                 ; 0 F/in                 ; short        ; open          ; open            ; open  ; 0 V                 ; -                  ; n/a           ; n/a             ; n/a         ;
; display_price[5]  ; 2.5 V        ; 0 in              ; 0 H/in                  ; 0 F/in                  ; short         ; -                   ; open           ; open             ; open   ; 0 in             ; 0 H/in                 ; 0 F/in                 ; short        ; open          ; open            ; open  ; 0 V                 ; -                  ; n/a           ; n/a             ; n/a         ;
; display_price[6]  ; 2.5 V        ; 0 in              ; 0 H/in                  ; 0 F/in                  ; short         ; -                   ; open           ; open             ; open   ; 0 in             ; 0 H/in                 ; 0 F/in                 ; short        ; open          ; open            ; open  ; 0 V                 ; -                  ; n/a           ; n/a             ; n/a         ;
; motor_led         ; 2.5 V        ; 0 in              ; 0 H/in                  ; 0 F/in                  ; short         ; -                   ; open           ; open             ; open   ; 0 in             ; 0 H/in                 ; 0 F/in                 ; short        ; open          ; open            ; open  ; 0 V                 ; -                  ; n/a           ; n/a             ; n/a         ;
; state_leds[0]     ; 2.5 V        ; 0 in              ; 0 H/in                  ; 0 F/in                  ; short         ; -                   ; open           ; open             ; open   ; 0 in             ; 0 H/in                 ; 0 F/in                 ; short        ; open          ; open            ; open  ; 0 V                 ; -                  ; n/a           ; n/a             ; n/a         ;
; state_leds[1]     ; 2.5 V        ; 0 in              ; 0 H/in                  ; 0 F/in                  ; short         ; -                   ; open           ; open             ; open   ; 0 in             ; 0 H/in                 ; 0 F/in                 ; short        ; open          ; open            ; open  ; 0 V                 ; -                  ; n/a           ; n/a             ; n/a         ;
; ~ALTERA_DCLK~     ; 2.5 V        ; 0 in              ; 0 H/in                  ; 0 F/in                  ; short         ; -                   ; open           ; open             ; open   ; 0 in             ; 0 H/in                 ; 0 F/in                 ; short        ; open          ; open            ; open  ; 0 V                 ; -                  ; n/a           ; n/a             ; n/a         ;
; ~ALTERA_nCEO~     ; 2.5 V        ; 0 in              ; 0 H/in                  ; 0 F/in                  ; short         ; -                   ; open           ; open             ; open   ; 0 in             ; 0 H/in                 ; 0 F/in                 ; short        ; open          ; open            ; open  ; 0 V                 ; -                  ; n/a           ; n/a             ; n/a         ;
+-------------------+--------------+-------------------+-------------------------+-------------------------+---------------+---------------------+----------------+------------------+--------+------------------+------------------------+------------------------+--------------+---------------+-----------------+-------+---------------------+--------------------+---------------+-----------------+-------------+


+----------------------------------------------------------------------------+
; Input Transition Times                                                     ;
+-------------------------+--------------+-----------------+-----------------+
; Pin                     ; I/O Standard ; 10-90 Rise Time ; 90-10 Fall Time ;
+-------------------------+--------------+-----------------+-----------------+
; sel_product[0]          ; 2.5 V        ; 2000 ps         ; 2000 ps         ;
; sel_product[1]          ; 2.5 V        ; 2000 ps         ; 2000 ps         ;
; clk                     ; 2.5 V        ; 2000 ps         ; 2000 ps         ;
; rst                     ; 2.5 V        ; 2000 ps         ; 2000 ps         ;
; cancel_btn              ; 2.5 V        ; 2000 ps         ; 2000 ps         ;
; dispense_btn            ; 2.5 V        ; 2000 ps         ; 2000 ps         ;
; coin_btn                ; 2.5 V        ; 2000 ps         ; 2000 ps         ;
; product_dispensed_sw    ; 2.5 V        ; 2000 ps         ; 2000 ps         ;
; ~ALTERA_ASDO_DATA1~     ; 2.5 V        ; 2000 ps         ; 2000 ps         ;
; ~ALTERA_FLASH_nCE_nCSO~ ; 2.5 V        ; 2000 ps         ; 2000 ps         ;
; ~ALTERA_DATA0~          ; 2.5 V        ; 2000 ps         ; 2000 ps         ;
+-------------------------+--------------+-----------------+-----------------+


+------------------------------------------------------------------------------------------------------------------------------------------------------------------------------------------------------------------------------------------------------------------------------------------------------------------------------------------------------------------------------------------------------------------------------------------------------------------------------------------------------------------------------------------------------------------------------------------------------------------------------------------------------------------------------------------------+
; Signal Integrity Metrics (Slow 1200mv 0c Model)                                                                                                                                                                                                                                                                                                                                                                                                                                                                                                                                                                                                                                                ;
+-------------------+--------------+---------------------+---------------------+------------------------------+------------------------------+---------------------+---------------------+--------------------------------------+--------------------------------------+-----------------------------+-----------------------------+----------------------------+----------------------------+-----------------------------+-----------------------------+--------------------+--------------------+-------------------------------------+-------------------------------------+----------------------------+----------------------------+---------------------------+---------------------------+
; Pin               ; I/O Standard ; Board Delay on Rise ; Board Delay on Fall ; Steady State Voh at FPGA Pin ; Steady State Vol at FPGA Pin ; Voh Max at FPGA Pin ; Vol Min at FPGA Pin ; Ringback Voltage on Rise at FPGA Pin ; Ringback Voltage on Fall at FPGA Pin ; 10-90 Rise Time at FPGA Pin ; 90-10 Fall Time at FPGA Pin ; Monotonic Rise at FPGA Pin ; Monotonic Fall at FPGA Pin ; Steady State Voh at Far-end ; Steady State Vol at Far-end ; Voh Max at Far-end ; Vol Min at Far-end ; Ringback Voltage on Rise at Far-end ; Ringback Voltage on Fall at Far-end ; 10-90 Rise Time at Far-end ; 90-10 Fall Time at Far-end ; Monotonic Rise at Far-end ; Monotonic Fall at Far-end ;
+-------------------+--------------+---------------------+---------------------+------------------------------+------------------------------+---------------------+---------------------+--------------------------------------+--------------------------------------+-----------------------------+-----------------------------+----------------------------+----------------------------+-----------------------------+-----------------------------+--------------------+--------------------+-------------------------------------+-------------------------------------+----------------------------+----------------------------+---------------------------+---------------------------+
; display_credit[0] ; 2.5 V        ; 0 s                 ; 0 s                 ; 2.32 V                       ; 4.49e-09 V                   ; 2.38 V              ; -0.00552 V          ; 0.096 V                              ; 0.019 V                              ; 4.18e-10 s                  ; 3.59e-10 s                  ; No                         ; Yes                        ; 2.32 V                      ; 4.49e-09 V                  ; 2.38 V             ; -0.00552 V         ; 0.096 V                             ; 0.019 V                             ; 4.18e-10 s                 ; 3.59e-10 s                 ; No                        ; Yes                       ;
; display_credit[1] ; 2.5 V        ; 0 s                 ; 0 s                 ; 2.32 V                       ; 4.49e-09 V                   ; 2.33 V              ; -0.00467 V          ; 0.226 V                              ; 0.087 V                              ; 2.91e-09 s                  ; 2.74e-09 s                  ; Yes                        ; Yes                        ; 2.32 V                      ; 4.49e-09 V                  ; 2.33 V             ; -0.00467 V         ; 0.226 V                             ; 0.087 V                             ; 2.91e-09 s                 ; 2.74e-09 s                 ; Yes                       ; Yes                       ;
; display_credit[2] ; 2.5 V        ; 0 s                 ; 0 s                 ; 2.32 V                       ; 4.49e-09 V                   ; 2.38 V              ; -0.00552 V          ; 0.096 V                              ; 0.019 V                              ; 4.18e-10 s                  ; 3.59e-10 s                  ; No                         ; Yes                        ; 2.32 V                      ; 4.49e-09 V                  ; 2.38 V             ; -0.00552 V         ; 0.096 V                             ; 0.019 V                             ; 4.18e-10 s                 ; 3.59e-10 s                 ; No                        ; Yes                       ;
; display_credit[3] ; 2.5 V        ; 0 s                 ; 0 s                 ; 2.32 V                       ; 3.07e-09 V                   ; 2.38 V              ; -0.0144 V           ; 0.227 V                              ; 0.024 V                              ; 3.14e-10 s                  ; 3.39e-10 s                  ; Yes                        ; Yes                        ; 2.32 V                      ; 3.07e-09 V                  ; 2.38 V             ; -0.0144 V          ; 0.227 V                             ; 0.024 V                             ; 3.14e-10 s                 ; 3.39e-10 s                 ; Yes                       ; Yes                       ;
; display_credit[4] ; 2.5 V        ; 0 s                 ; 0 s                 ; 2.32 V                       ; 3.07e-09 V                   ; 2.38 V              ; -0.0144 V           ; 0.227 V                              ; 0.024 V                              ; 3.14e-10 s                  ; 3.39e-10 s                  ; Yes                        ; Yes                        ; 2.32 V                      ; 3.07e-09 V                  ; 2.38 V             ; -0.0144 V          ; 0.227 V                             ; 0.024 V                             ; 3.14e-10 s                 ; 3.39e-10 s                 ; Yes                       ; Yes                       ;
; display_credit[5] ; 2.5 V        ; 0 s                 ; 0 s                 ; 2.32 V                       ; 3.07e-09 V                   ; 2.33 V              ; -0.00496 V          ; 0.223 V                              ; 0.086 V                              ; 2.9e-09 s                   ; 2.73e-09 s                  ; Yes                        ; Yes                        ; 2.32 V                      ; 3.07e-09 V                  ; 2.33 V             ; -0.00496 V         ; 0.223 V                             ; 0.086 V                             ; 2.9e-09 s                  ; 2.73e-09 s                 ; Yes                       ; Yes                       ;
; display_credit[6] ; 2.5 V        ; 0 s                 ; 0 s                 ; 2.32 V                       ; 3.07e-09 V                   ; 2.38 V              ; -0.0144 V           ; 0.227 V                              ; 0.024 V                              ; 3.14e-10 s                  ; 3.39e-10 s                  ; Yes                        ; Yes                        ; 2.32 V                      ; 3.07e-09 V                  ; 2.38 V             ; -0.0144 V          ; 0.227 V                             ; 0.024 V                             ; 3.14e-10 s                 ; 3.39e-10 s                 ; Yes                       ; Yes                       ;
; display_change[0] ; 2.5 V        ; 0 s                 ; 0 s                 ; 2.32 V                       ; 3.07e-09 V                   ; 2.38 V              ; -0.0144 V           ; 0.227 V                              ; 0.024 V                              ; 3.14e-10 s                  ; 3.39e-10 s                  ; Yes                        ; Yes                        ; 2.32 V                      ; 3.07e-09 V                  ; 2.38 V             ; -0.0144 V          ; 0.227 V                             ; 0.024 V                             ; 3.14e-10 s                 ; 3.39e-10 s                 ; Yes                       ; Yes                       ;
; display_change[1] ; 2.5 V        ; 0 s                 ; 0 s                 ; 2.32 V                       ; 3.07e-09 V                   ; 2.37 V              ; -0.00994 V          ; 0.186 V                              ; 0.028 V                              ; 4.98e-10 s                  ; 4.96e-10 s                  ; Yes                        ; Yes                        ; 2.32 V                      ; 3.07e-09 V                  ; 2.37 V             ; -0.00994 V         ; 0.186 V                             ; 0.028 V                             ; 4.98e-10 s                 ; 4.96e-10 s                 ; Yes                       ; Yes                       ;
; display_change[2] ; 2.5 V        ; 0 s                 ; 0 s                 ; 2.32 V                       ; 3.07e-09 V                   ; 2.37 V              ; -0.00994 V          ; 0.186 V                              ; 0.028 V                              ; 4.98e-10 s                  ; 4.96e-10 s                  ; Yes                        ; Yes                        ; 2.32 V                      ; 3.07e-09 V                  ; 2.37 V             ; -0.00994 V         ; 0.186 V                             ; 0.028 V                             ; 4.98e-10 s                 ; 4.96e-10 s                 ; Yes                       ; Yes                       ;
; display_change[3] ; 2.5 V        ; 0 s                 ; 0 s                 ; 2.32 V                       ; 3.07e-09 V                   ; 2.37 V              ; -0.00994 V          ; 0.186 V                              ; 0.028 V                              ; 4.98e-10 s                  ; 4.96e-10 s                  ; Yes                        ; Yes                        ; 2.32 V                      ; 3.07e-09 V                  ; 2.37 V             ; -0.00994 V         ; 0.186 V                             ; 0.028 V                             ; 4.98e-10 s                 ; 4.96e-10 s                 ; Yes                       ; Yes                       ;
; display_change[4] ; 2.5 V        ; 0 s                 ; 0 s                 ; 2.32 V                       ; 3.07e-09 V                   ; 2.37 V              ; -0.00994 V          ; 0.186 V                              ; 0.028 V                              ; 4.98e-10 s                  ; 4.96e-10 s                  ; Yes                        ; Yes                        ; 2.32 V                      ; 3.07e-09 V                  ; 2.37 V             ; -0.00994 V         ; 0.186 V                             ; 0.028 V                             ; 4.98e-10 s                 ; 4.96e-10 s                 ; Yes                       ; Yes                       ;
; display_change[5] ; 2.5 V        ; 0 s                 ; 0 s                 ; 2.32 V                       ; 3.07e-09 V                   ; 2.33 V              ; -0.00496 V          ; 0.223 V                              ; 0.086 V                              ; 2.9e-09 s                   ; 2.73e-09 s                  ; Yes                        ; Yes                        ; 2.32 V                      ; 3.07e-09 V                  ; 2.33 V             ; -0.00496 V         ; 0.223 V                             ; 0.086 V                             ; 2.9e-09 s                  ; 2.73e-09 s                 ; Yes                       ; Yes                       ;
; display_change[6] ; 2.5 V        ; 0 s                 ; 0 s                 ; 2.32 V                       ; 3.07e-09 V                   ; 2.33 V              ; -0.00496 V          ; 0.223 V                              ; 0.086 V                              ; 2.9e-09 s                   ; 2.73e-09 s                  ; Yes                        ; Yes                        ; 2.32 V                      ; 3.07e-09 V                  ; 2.33 V             ; -0.00496 V         ; 0.223 V                             ; 0.086 V                             ; 2.9e-09 s                  ; 2.73e-09 s                 ; Yes                       ; Yes                       ;
; display_price[0]  ; 2.5 V        ; 0 s                 ; 0 s                 ; 2.32 V                       ; 4.49e-09 V                   ; 2.38 V              ; -0.00552 V          ; 0.096 V                              ; 0.019 V                              ; 4.18e-10 s                  ; 3.59e-10 s                  ; No                         ; Yes                        ; 2.32 V                      ; 4.49e-09 V                  ; 2.38 V             ; -0.00552 V         ; 0.096 V                             ; 0.019 V                             ; 4.18e-10 s                 ; 3.59e-10 s                 ; No                        ; Yes                       ;
; display_price[1]  ; 2.5 V        ; 0 s                 ; 0 s                 ; 2.32 V                       ; 4.49e-09 V                   ; 2.38 V              ; -0.00552 V          ; 0.096 V                              ; 0.019 V                              ; 4.18e-10 s                  ; 3.59e-10 s                  ; No                         ; Yes                        ; 2.32 V                      ; 4.49e-09 V                  ; 2.38 V             ; -0.00552 V         ; 0.096 V                             ; 0.019 V                             ; 4.18e-10 s                 ; 3.59e-10 s                 ; No                        ; Yes                       ;
; display_price[2]  ; 2.5 V        ; 0 s                 ; 0 s                 ; 2.32 V                       ; 4.49e-09 V                   ; 2.38 V              ; -0.00552 V          ; 0.096 V                              ; 0.019 V                              ; 4.18e-10 s                  ; 3.59e-10 s                  ; No                         ; Yes                        ; 2.32 V                      ; 4.49e-09 V                  ; 2.38 V             ; -0.00552 V         ; 0.096 V                             ; 0.019 V                             ; 4.18e-10 s                 ; 3.59e-10 s                 ; No                        ; Yes                       ;
; display_price[3]  ; 2.5 V        ; 0 s                 ; 0 s                 ; 2.32 V                       ; 4.49e-09 V                   ; 2.38 V              ; -0.00552 V          ; 0.096 V                              ; 0.019 V                              ; 4.18e-10 s                  ; 3.59e-10 s                  ; No                         ; Yes                        ; 2.32 V                      ; 4.49e-09 V                  ; 2.38 V             ; -0.00552 V         ; 0.096 V                             ; 0.019 V                             ; 4.18e-10 s                 ; 3.59e-10 s                 ; No                        ; Yes                       ;
; display_price[4]  ; 2.5 V        ; 0 s                 ; 0 s                 ; 2.32 V                       ; 4.49e-09 V                   ; 2.38 V              ; -0.00552 V          ; 0.096 V                              ; 0.019 V                              ; 4.18e-10 s                  ; 3.59e-10 s                  ; No                         ; Yes                        ; 2.32 V                      ; 4.49e-09 V                  ; 2.38 V             ; -0.00552 V         ; 0.096 V                             ; 0.019 V                             ; 4.18e-10 s                 ; 3.59e-10 s                 ; No                        ; Yes                       ;
; display_price[5]  ; 2.5 V        ; 0 s                 ; 0 s                 ; 2.32 V                       ; 4.49e-09 V                   ; 2.33 V              ; -0.00467 V          ; 0.226 V                              ; 0.087 V                              ; 2.91e-09 s                  ; 2.74e-09 s                  ; Yes                        ; Yes                        ; 2.32 V                      ; 4.49e-09 V                  ; 2.33 V             ; -0.00467 V         ; 0.226 V                             ; 0.087 V                             ; 2.91e-09 s                 ; 2.74e-09 s                 ; Yes                       ; Yes                       ;
; display_price[6]  ; 2.5 V        ; 0 s                 ; 0 s                 ; 2.32 V                       ; 4.49e-09 V                   ; 2.38 V              ; -0.00552 V          ; 0.096 V                              ; 0.019 V                              ; 4.18e-10 s                  ; 3.59e-10 s                  ; No                         ; Yes                        ; 2.32 V                      ; 4.49e-09 V                  ; 2.38 V             ; -0.00552 V         ; 0.096 V                             ; 0.019 V                             ; 4.18e-10 s                 ; 3.59e-10 s                 ; No                        ; Yes                       ;
; motor_led         ; 2.5 V        ; 0 s                 ; 0 s                 ; 2.32 V                       ; 4.49e-09 V                   ; 2.38 V              ; -0.00552 V          ; 0.096 V                              ; 0.019 V                              ; 4.18e-10 s                  ; 3.59e-10 s                  ; No                         ; Yes                        ; 2.32 V                      ; 4.49e-09 V                  ; 2.38 V             ; -0.00552 V         ; 0.096 V                             ; 0.019 V                             ; 4.18e-10 s                 ; 3.59e-10 s                 ; No                        ; Yes                       ;
; state_leds[0]     ; 2.5 V        ; 0 s                 ; 0 s                 ; 2.32 V                       ; 4.49e-09 V                   ; 2.38 V              ; -0.00552 V          ; 0.096 V                              ; 0.019 V                              ; 4.18e-10 s                  ; 3.59e-10 s                  ; No                         ; Yes                        ; 2.32 V                      ; 4.49e-09 V                  ; 2.38 V             ; -0.00552 V         ; 0.096 V                             ; 0.019 V                             ; 4.18e-10 s                 ; 3.59e-10 s                 ; No                        ; Yes                       ;
; state_leds[1]     ; 2.5 V        ; 0 s                 ; 0 s                 ; 2.32 V                       ; 4.49e-09 V                   ; 2.38 V              ; -0.00552 V          ; 0.096 V                              ; 0.019 V                              ; 4.18e-10 s                  ; 3.59e-10 s                  ; No                         ; Yes                        ; 2.32 V                      ; 4.49e-09 V                  ; 2.38 V             ; -0.00552 V         ; 0.096 V                             ; 0.019 V                             ; 4.18e-10 s                 ; 3.59e-10 s                 ; No                        ; Yes                       ;
; ~ALTERA_DCLK~     ; 2.5 V        ; 0 s                 ; 0 s                 ; 2.32 V                       ; 2.67e-09 V                   ; 2.38 V              ; -0.0485 V           ; 0.167 V                              ; 0.096 V                              ; 2.95e-10 s                  ; 2.73e-10 s                  ; Yes                        ; Yes                        ; 2.32 V                      ; 2.67e-09 V                  ; 2.38 V             ; -0.0485 V          ; 0.167 V                             ; 0.096 V                             ; 2.95e-10 s                 ; 2.73e-10 s                 ; Yes                       ; Yes                       ;
; ~ALTERA_nCEO~     ; 2.5 V        ; 0 s                 ; 0 s                 ; 2.32 V                       ; 4.18e-09 V                   ; 2.38 V              ; -0.00483 V          ; 0.152 V                              ; 0.012 V                              ; 4.81e-10 s                  ; 6.29e-10 s                  ; Yes                        ; Yes                        ; 2.32 V                      ; 4.18e-09 V                  ; 2.38 V             ; -0.00483 V         ; 0.152 V                             ; 0.012 V                             ; 4.81e-10 s                 ; 6.29e-10 s                 ; Yes                       ; Yes                       ;
+-------------------+--------------+---------------------+---------------------+------------------------------+------------------------------+---------------------+---------------------+--------------------------------------+--------------------------------------+-----------------------------+-----------------------------+----------------------------+----------------------------+-----------------------------+-----------------------------+--------------------+--------------------+-------------------------------------+-------------------------------------+----------------------------+----------------------------+---------------------------+---------------------------+


+------------------------------------------------------------------------------------------------------------------------------------------------------------------------------------------------------------------------------------------------------------------------------------------------------------------------------------------------------------------------------------------------------------------------------------------------------------------------------------------------------------------------------------------------------------------------------------------------------------------------------------------------------------------------------------------------+
; Signal Integrity Metrics (Slow 1200mv 85c Model)                                                                                                                                                                                                                                                                                                                                                                                                                                                                                                                                                                                                                                               ;
+-------------------+--------------+---------------------+---------------------+------------------------------+------------------------------+---------------------+---------------------+--------------------------------------+--------------------------------------+-----------------------------+-----------------------------+----------------------------+----------------------------+-----------------------------+-----------------------------+--------------------+--------------------+-------------------------------------+-------------------------------------+----------------------------+----------------------------+---------------------------+---------------------------+
; Pin               ; I/O Standard ; Board Delay on Rise ; Board Delay on Fall ; Steady State Voh at FPGA Pin ; Steady State Vol at FPGA Pin ; Voh Max at FPGA Pin ; Vol Min at FPGA Pin ; Ringback Voltage on Rise at FPGA Pin ; Ringback Voltage on Fall at FPGA Pin ; 10-90 Rise Time at FPGA Pin ; 90-10 Fall Time at FPGA Pin ; Monotonic Rise at FPGA Pin ; Monotonic Fall at FPGA Pin ; Steady State Voh at Far-end ; Steady State Vol at Far-end ; Voh Max at Far-end ; Vol Min at Far-end ; Ringback Voltage on Rise at Far-end ; Ringback Voltage on Fall at Far-end ; 10-90 Rise Time at Far-end ; 90-10 Fall Time at Far-end ; Monotonic Rise at Far-end ; Monotonic Fall at Far-end ;
+-------------------+--------------+---------------------+---------------------+------------------------------+------------------------------+---------------------+---------------------+--------------------------------------+--------------------------------------+-----------------------------+-----------------------------+----------------------------+----------------------------+-----------------------------+-----------------------------+--------------------+--------------------+-------------------------------------+-------------------------------------+----------------------------+----------------------------+---------------------------+---------------------------+
; display_credit[0] ; 2.5 V        ; 0 s                 ; 0 s                 ; 2.32 V                       ; 6.92e-07 V                   ; 2.35 V              ; -0.00996 V          ; 0.121 V                              ; 0.03 V                               ; 4.64e-10 s                  ; 4.47e-10 s                  ; Yes                        ; Yes                        ; 2.32 V                      ; 6.92e-07 V                  ; 2.35 V             ; -0.00996 V         ; 0.121 V                             ; 0.03 V                              ; 4.64e-10 s                 ; 4.47e-10 s                 ; Yes                       ; Yes                       ;
; display_credit[1] ; 2.5 V        ; 0 s                 ; 0 s                 ; 2.32 V                       ; 6.92e-07 V                   ; 2.33 V              ; -0.00265 V          ; 0.133 V                              ; 0.056 V                              ; 3.55e-09 s                  ; 3.31e-09 s                  ; Yes                        ; Yes                        ; 2.32 V                      ; 6.92e-07 V                  ; 2.33 V             ; -0.00265 V         ; 0.133 V                             ; 0.056 V                             ; 3.55e-09 s                 ; 3.31e-09 s                 ; Yes                       ; Yes                       ;
; display_credit[2] ; 2.5 V        ; 0 s                 ; 0 s                 ; 2.32 V                       ; 6.92e-07 V                   ; 2.35 V              ; -0.00996 V          ; 0.121 V                              ; 0.03 V                               ; 4.64e-10 s                  ; 4.47e-10 s                  ; Yes                        ; Yes                        ; 2.32 V                      ; 6.92e-07 V                  ; 2.35 V             ; -0.00996 V         ; 0.121 V                             ; 0.03 V                              ; 4.64e-10 s                 ; 4.47e-10 s                 ; Yes                       ; Yes                       ;
; display_credit[3] ; 2.5 V        ; 0 s                 ; 0 s                 ; 2.32 V                       ; 4.67e-07 V                   ; 2.36 V              ; -0.00552 V          ; 0.11 V                               ; 0.007 V                              ; 4.54e-10 s                  ; 4.35e-10 s                  ; Yes                        ; Yes                        ; 2.32 V                      ; 4.67e-07 V                  ; 2.36 V             ; -0.00552 V         ; 0.11 V                              ; 0.007 V                             ; 4.54e-10 s                 ; 4.35e-10 s                 ; Yes                       ; Yes                       ;
; display_credit[4] ; 2.5 V        ; 0 s                 ; 0 s                 ; 2.32 V                       ; 4.67e-07 V                   ; 2.36 V              ; -0.00552 V          ; 0.11 V                               ; 0.007 V                              ; 4.54e-10 s                  ; 4.35e-10 s                  ; Yes                        ; Yes                        ; 2.32 V                      ; 4.67e-07 V                  ; 2.36 V             ; -0.00552 V         ; 0.11 V                              ; 0.007 V                             ; 4.54e-10 s                 ; 4.35e-10 s                 ; Yes                       ; Yes                       ;
; display_credit[5] ; 2.5 V        ; 0 s                 ; 0 s                 ; 2.32 V                       ; 4.67e-07 V                   ; 2.33 V              ; -0.00269 V          ; 0.13 V                               ; 0.055 V                              ; 3.54e-09 s                  ; 3.29e-09 s                  ; Yes                        ; Yes                        ; 2.32 V                      ; 4.67e-07 V                  ; 2.33 V             ; -0.00269 V         ; 0.13 V                              ; 0.055 V                             ; 3.54e-09 s                 ; 3.29e-09 s                 ; Yes                       ; Yes                       ;
; display_credit[6] ; 2.5 V        ; 0 s                 ; 0 s                 ; 2.32 V                       ; 4.67e-07 V                   ; 2.36 V              ; -0.00552 V          ; 0.11 V                               ; 0.007 V                              ; 4.54e-10 s                  ; 4.35e-10 s                  ; Yes                        ; Yes                        ; 2.32 V                      ; 4.67e-07 V                  ; 2.36 V             ; -0.00552 V         ; 0.11 V                              ; 0.007 V                             ; 4.54e-10 s                 ; 4.35e-10 s                 ; Yes                       ; Yes                       ;
; display_change[0] ; 2.5 V        ; 0 s                 ; 0 s                 ; 2.32 V                       ; 4.67e-07 V                   ; 2.36 V              ; -0.00552 V          ; 0.11 V                               ; 0.007 V                              ; 4.54e-10 s                  ; 4.35e-10 s                  ; Yes                        ; Yes                        ; 2.32 V                      ; 4.67e-07 V                  ; 2.36 V             ; -0.00552 V         ; 0.11 V                              ; 0.007 V                             ; 4.54e-10 s                 ; 4.35e-10 s                 ; Yes                       ; Yes                       ;
; display_change[1] ; 2.5 V        ; 0 s                 ; 0 s                 ; 2.32 V                       ; 4.67e-07 V                   ; 2.35 V              ; -0.00942 V          ; 0.116 V                              ; 0.033 V                              ; 6.66e-10 s                  ; 6.27e-10 s                  ; Yes                        ; Yes                        ; 2.32 V                      ; 4.67e-07 V                  ; 2.35 V             ; -0.00942 V         ; 0.116 V                             ; 0.033 V                             ; 6.66e-10 s                 ; 6.27e-10 s                 ; Yes                       ; Yes                       ;
; display_change[2] ; 2.5 V        ; 0 s                 ; 0 s                 ; 2.32 V                       ; 4.67e-07 V                   ; 2.35 V              ; -0.00942 V          ; 0.116 V                              ; 0.033 V                              ; 6.66e-10 s                  ; 6.27e-10 s                  ; Yes                        ; Yes                        ; 2.32 V                      ; 4.67e-07 V                  ; 2.35 V             ; -0.00942 V         ; 0.116 V                             ; 0.033 V                             ; 6.66e-10 s                 ; 6.27e-10 s                 ; Yes                       ; Yes                       ;
; display_change[3] ; 2.5 V        ; 0 s                 ; 0 s                 ; 2.32 V                       ; 4.67e-07 V                   ; 2.35 V              ; -0.00942 V          ; 0.116 V                              ; 0.033 V                              ; 6.66e-10 s                  ; 6.27e-10 s                  ; Yes                        ; Yes                        ; 2.32 V                      ; 4.67e-07 V                  ; 2.35 V             ; -0.00942 V         ; 0.116 V                             ; 0.033 V                             ; 6.66e-10 s                 ; 6.27e-10 s                 ; Yes                       ; Yes                       ;
; display_change[4] ; 2.5 V        ; 0 s                 ; 0 s                 ; 2.32 V                       ; 4.67e-07 V                   ; 2.35 V              ; -0.00942 V          ; 0.116 V                              ; 0.033 V                              ; 6.66e-10 s                  ; 6.27e-10 s                  ; Yes                        ; Yes                        ; 2.32 V                      ; 4.67e-07 V                  ; 2.35 V             ; -0.00942 V         ; 0.116 V                             ; 0.033 V                             ; 6.66e-10 s                 ; 6.27e-10 s                 ; Yes                       ; Yes                       ;
; display_change[5] ; 2.5 V        ; 0 s                 ; 0 s                 ; 2.32 V                       ; 4.67e-07 V                   ; 2.33 V              ; -0.00269 V          ; 0.13 V                               ; 0.055 V                              ; 3.54e-09 s                  ; 3.29e-09 s                  ; Yes                        ; Yes                        ; 2.32 V                      ; 4.67e-07 V                  ; 2.33 V             ; -0.00269 V         ; 0.13 V                              ; 0.055 V                             ; 3.54e-09 s                 ; 3.29e-09 s                 ; Yes                       ; Yes                       ;
; display_change[6] ; 2.5 V        ; 0 s                 ; 0 s                 ; 2.32 V                       ; 4.67e-07 V                   ; 2.33 V              ; -0.00269 V          ; 0.13 V                               ; 0.055 V                              ; 3.54e-09 s                  ; 3.29e-09 s                  ; Yes                        ; Yes                        ; 2.32 V                      ; 4.67e-07 V                  ; 2.33 V             ; -0.00269 V         ; 0.13 V                              ; 0.055 V                             ; 3.54e-09 s                 ; 3.29e-09 s                 ; Yes                       ; Yes                       ;
; display_price[0]  ; 2.5 V        ; 0 s                 ; 0 s                 ; 2.32 V                       ; 6.92e-07 V                   ; 2.35 V              ; -0.00996 V          ; 0.121 V                              ; 0.03 V                               ; 4.64e-10 s                  ; 4.47e-10 s                  ; Yes                        ; Yes                        ; 2.32 V                      ; 6.92e-07 V                  ; 2.35 V             ; -0.00996 V         ; 0.121 V                             ; 0.03 V                              ; 4.64e-10 s                 ; 4.47e-10 s                 ; Yes                       ; Yes                       ;
; display_price[1]  ; 2.5 V        ; 0 s                 ; 0 s                 ; 2.32 V                       ; 6.92e-07 V                   ; 2.35 V              ; -0.00996 V          ; 0.121 V                              ; 0.03 V                               ; 4.64e-10 s                  ; 4.47e-10 s                  ; Yes                        ; Yes                        ; 2.32 V                      ; 6.92e-07 V                  ; 2.35 V             ; -0.00996 V         ; 0.121 V                             ; 0.03 V                              ; 4.64e-10 s                 ; 4.47e-10 s                 ; Yes                       ; Yes                       ;
; display_price[2]  ; 2.5 V        ; 0 s                 ; 0 s                 ; 2.32 V                       ; 6.92e-07 V                   ; 2.35 V              ; -0.00996 V          ; 0.121 V                              ; 0.03 V                               ; 4.64e-10 s                  ; 4.47e-10 s                  ; Yes                        ; Yes                        ; 2.32 V                      ; 6.92e-07 V                  ; 2.35 V             ; -0.00996 V         ; 0.121 V                             ; 0.03 V                              ; 4.64e-10 s                 ; 4.47e-10 s                 ; Yes                       ; Yes                       ;
; display_price[3]  ; 2.5 V        ; 0 s                 ; 0 s                 ; 2.32 V                       ; 6.92e-07 V                   ; 2.35 V              ; -0.00996 V          ; 0.121 V                              ; 0.03 V                               ; 4.64e-10 s                  ; 4.47e-10 s                  ; Yes                        ; Yes                        ; 2.32 V                      ; 6.92e-07 V                  ; 2.35 V             ; -0.00996 V         ; 0.121 V                             ; 0.03 V                              ; 4.64e-10 s                 ; 4.47e-10 s                 ; Yes                       ; Yes                       ;
; display_price[4]  ; 2.5 V        ; 0 s                 ; 0 s                 ; 2.32 V                       ; 6.92e-07 V                   ; 2.35 V              ; -0.00996 V          ; 0.121 V                              ; 0.03 V                               ; 4.64e-10 s                  ; 4.47e-10 s                  ; Yes                        ; Yes                        ; 2.32 V                      ; 6.92e-07 V                  ; 2.35 V             ; -0.00996 V         ; 0.121 V                             ; 0.03 V                              ; 4.64e-10 s                 ; 4.47e-10 s                 ; Yes                       ; Yes                       ;
; display_price[5]  ; 2.5 V        ; 0 s                 ; 0 s                 ; 2.32 V                       ; 6.92e-07 V                   ; 2.33 V              ; -0.00265 V          ; 0.133 V                              ; 0.056 V                              ; 3.55e-09 s                  ; 3.31e-09 s                  ; Yes                        ; Yes                        ; 2.32 V                      ; 6.92e-07 V                  ; 2.33 V             ; -0.00265 V         ; 0.133 V                             ; 0.056 V                             ; 3.55e-09 s                 ; 3.31e-09 s                 ; Yes                       ; Yes                       ;
; display_price[6]  ; 2.5 V        ; 0 s                 ; 0 s                 ; 2.32 V                       ; 6.92e-07 V                   ; 2.35 V              ; -0.00996 V          ; 0.121 V                              ; 0.03 V                               ; 4.64e-10 s                  ; 4.47e-10 s                  ; Yes                        ; Yes                        ; 2.32 V                      ; 6.92e-07 V                  ; 2.35 V             ; -0.00996 V         ; 0.121 V                             ; 0.03 V                              ; 4.64e-10 s                 ; 4.47e-10 s                 ; Yes                       ; Yes                       ;
; motor_led         ; 2.5 V        ; 0 s                 ; 0 s                 ; 2.32 V                       ; 6.92e-07 V                   ; 2.35 V              ; -0.00996 V          ; 0.121 V                              ; 0.03 V                               ; 4.64e-10 s                  ; 4.47e-10 s                  ; Yes                        ; Yes                        ; 2.32 V                      ; 6.92e-07 V                  ; 2.35 V             ; -0.00996 V         ; 0.121 V                             ; 0.03 V                              ; 4.64e-10 s                 ; 4.47e-10 s                 ; Yes                       ; Yes                       ;
; state_leds[0]     ; 2.5 V        ; 0 s                 ; 0 s                 ; 2.32 V                       ; 6.92e-07 V                   ; 2.35 V              ; -0.00996 V          ; 0.121 V                              ; 0.03 V                               ; 4.64e-10 s                  ; 4.47e-10 s                  ; Yes                        ; Yes                        ; 2.32 V                      ; 6.92e-07 V                  ; 2.35 V             ; -0.00996 V         ; 0.121 V                             ; 0.03 V                              ; 4.64e-10 s                 ; 4.47e-10 s                 ; Yes                       ; Yes                       ;
; state_leds[1]     ; 2.5 V        ; 0 s                 ; 0 s                 ; 2.32 V                       ; 6.92e-07 V                   ; 2.35 V              ; -0.00996 V          ; 0.121 V                              ; 0.03 V                               ; 4.64e-10 s                  ; 4.47e-10 s                  ; Yes                        ; Yes                        ; 2.32 V                      ; 6.92e-07 V                  ; 2.35 V             ; -0.00996 V         ; 0.121 V                             ; 0.03 V                              ; 4.64e-10 s                 ; 4.47e-10 s                 ; Yes                       ; Yes                       ;
; ~ALTERA_DCLK~     ; 2.5 V        ; 0 s                 ; 0 s                 ; 2.32 V                       ; 3.75e-07 V                   ; 2.35 V              ; -0.0109 V           ; 0.084 V                              ; 0.027 V                              ; 4.31e-10 s                  ; 3.61e-10 s                  ; Yes                        ; Yes                        ; 2.32 V                      ; 3.75e-07 V                  ; 2.35 V             ; -0.0109 V          ; 0.084 V                             ; 0.027 V                             ; 4.31e-10 s                 ; 3.61e-10 s                 ; Yes                       ; Yes                       ;
; ~ALTERA_nCEO~     ; 2.5 V        ; 0 s                 ; 0 s                 ; 2.32 V                       ; 6.15e-07 V                   ; 2.35 V              ; -0.00712 V          ; 0.093 V                              ; 0.02 V                               ; 6.21e-10 s                  ; 7.9e-10 s                   ; Yes                        ; Yes                        ; 2.32 V                      ; 6.15e-07 V                  ; 2.35 V             ; -0.00712 V         ; 0.093 V                             ; 0.02 V                              ; 6.21e-10 s                 ; 7.9e-10 s                  ; Yes                       ; Yes                       ;
+-------------------+--------------+---------------------+---------------------+------------------------------+------------------------------+---------------------+---------------------+--------------------------------------+--------------------------------------+-----------------------------+-----------------------------+----------------------------+----------------------------+-----------------------------+-----------------------------+--------------------+--------------------+-------------------------------------+-------------------------------------+----------------------------+----------------------------+---------------------------+---------------------------+


+------------------------------------------------------------------------------------------------------------------------------------------------------------------------------------------------------------------------------------------------------------------------------------------------------------------------------------------------------------------------------------------------------------------------------------------------------------------------------------------------------------------------------------------------------------------------------------------------------------------------------------------------------------------------------------------------+
; Signal Integrity Metrics (Fast 1200mv 0c Model)                                                                                                                                                                                                                                                                                                                                                                                                                                                                                                                                                                                                                                                ;
+-------------------+--------------+---------------------+---------------------+------------------------------+------------------------------+---------------------+---------------------+--------------------------------------+--------------------------------------+-----------------------------+-----------------------------+----------------------------+----------------------------+-----------------------------+-----------------------------+--------------------+--------------------+-------------------------------------+-------------------------------------+----------------------------+----------------------------+---------------------------+---------------------------+
; Pin               ; I/O Standard ; Board Delay on Rise ; Board Delay on Fall ; Steady State Voh at FPGA Pin ; Steady State Vol at FPGA Pin ; Voh Max at FPGA Pin ; Vol Min at FPGA Pin ; Ringback Voltage on Rise at FPGA Pin ; Ringback Voltage on Fall at FPGA Pin ; 10-90 Rise Time at FPGA Pin ; 90-10 Fall Time at FPGA Pin ; Monotonic Rise at FPGA Pin ; Monotonic Fall at FPGA Pin ; Steady State Voh at Far-end ; Steady State Vol at Far-end ; Voh Max at Far-end ; Vol Min at Far-end ; Ringback Voltage on Rise at Far-end ; Ringback Voltage on Fall at Far-end ; 10-90 Rise Time at Far-end ; 90-10 Fall Time at Far-end ; Monotonic Rise at Far-end ; Monotonic Fall at Far-end ;
+-------------------+--------------+---------------------+---------------------+------------------------------+------------------------------+---------------------+---------------------+--------------------------------------+--------------------------------------+-----------------------------+-----------------------------+----------------------------+----------------------------+-----------------------------+-----------------------------+--------------------+--------------------+-------------------------------------+-------------------------------------+----------------------------+----------------------------+---------------------------+---------------------------+
; display_credit[0] ; 2.5 V        ; 0 s                 ; 0 s                 ; 2.62 V                       ; 4.05e-08 V                   ; 2.72 V              ; -0.0349 V           ; 0.173 V                              ; 0.1 V                                ; 2.72e-10 s                  ; 2.69e-10 s                  ; Yes                        ; Yes                        ; 2.62 V                      ; 4.05e-08 V                  ; 2.72 V             ; -0.0349 V          ; 0.173 V                             ; 0.1 V                               ; 2.72e-10 s                 ; 2.69e-10 s                 ; Yes                       ; Yes                       ;
; display_credit[1] ; 2.5 V        ; 0 s                 ; 0 s                 ; 2.62 V                       ; 4.05e-08 V                   ; 2.64 V              ; -0.0113 V           ; 0.208 V                              ; 0.179 V                              ; 2.38e-09 s                  ; 2.23e-09 s                  ; No                         ; Yes                        ; 2.62 V                      ; 4.05e-08 V                  ; 2.64 V             ; -0.0113 V          ; 0.208 V                             ; 0.179 V                             ; 2.38e-09 s                 ; 2.23e-09 s                 ; No                        ; Yes                       ;
; display_credit[2] ; 2.5 V        ; 0 s                 ; 0 s                 ; 2.62 V                       ; 4.05e-08 V                   ; 2.72 V              ; -0.0349 V           ; 0.173 V                              ; 0.1 V                                ; 2.72e-10 s                  ; 2.69e-10 s                  ; Yes                        ; Yes                        ; 2.62 V                      ; 4.05e-08 V                  ; 2.72 V             ; -0.0349 V          ; 0.173 V                             ; 0.1 V                               ; 2.72e-10 s                 ; 2.69e-10 s                 ; Yes                       ; Yes                       ;
; display_credit[3] ; 2.5 V        ; 0 s                 ; 0 s                 ; 2.62 V                       ; 2.74e-08 V                   ; 2.73 V              ; -0.0384 V           ; 0.169 V                              ; 0.089 V                              ; 2.7e-10 s                   ; 2.62e-10 s                  ; Yes                        ; Yes                        ; 2.62 V                      ; 2.74e-08 V                  ; 2.73 V             ; -0.0384 V          ; 0.169 V                             ; 0.089 V                             ; 2.7e-10 s                  ; 2.62e-10 s                 ; Yes                       ; Yes                       ;
; display_credit[4] ; 2.5 V        ; 0 s                 ; 0 s                 ; 2.62 V                       ; 2.74e-08 V                   ; 2.73 V              ; -0.0384 V           ; 0.169 V                              ; 0.089 V                              ; 2.7e-10 s                   ; 2.62e-10 s                  ; Yes                        ; Yes                        ; 2.62 V                      ; 2.74e-08 V                  ; 2.73 V             ; -0.0384 V          ; 0.169 V                             ; 0.089 V                             ; 2.7e-10 s                  ; 2.62e-10 s                 ; Yes                       ; Yes                       ;
; display_credit[5] ; 2.5 V        ; 0 s                 ; 0 s                 ; 2.62 V                       ; 2.74e-08 V                   ; 2.64 V              ; -0.0117 V           ; 0.202 V                              ; 0.176 V                              ; 2.38e-09 s                  ; 2.22e-09 s                  ; No                         ; Yes                        ; 2.62 V                      ; 2.74e-08 V                  ; 2.64 V             ; -0.0117 V          ; 0.202 V                             ; 0.176 V                             ; 2.38e-09 s                 ; 2.22e-09 s                 ; No                        ; Yes                       ;
; display_credit[6] ; 2.5 V        ; 0 s                 ; 0 s                 ; 2.62 V                       ; 2.74e-08 V                   ; 2.73 V              ; -0.0384 V           ; 0.169 V                              ; 0.089 V                              ; 2.7e-10 s                   ; 2.62e-10 s                  ; Yes                        ; Yes                        ; 2.62 V                      ; 2.74e-08 V                  ; 2.73 V             ; -0.0384 V          ; 0.169 V                             ; 0.089 V                             ; 2.7e-10 s                  ; 2.62e-10 s                 ; Yes                       ; Yes                       ;
; display_change[0] ; 2.5 V        ; 0 s                 ; 0 s                 ; 2.62 V                       ; 2.74e-08 V                   ; 2.73 V              ; -0.0384 V           ; 0.169 V                              ; 0.089 V                              ; 2.7e-10 s                   ; 2.62e-10 s                  ; Yes                        ; Yes                        ; 2.62 V                      ; 2.74e-08 V                  ; 2.73 V             ; -0.0384 V          ; 0.169 V                             ; 0.089 V                             ; 2.7e-10 s                  ; 2.62e-10 s                 ; Yes                       ; Yes                       ;
; display_change[1] ; 2.5 V        ; 0 s                 ; 0 s                 ; 2.62 V                       ; 2.74e-08 V                   ; 2.71 V              ; -0.0317 V           ; 0.148 V                              ; 0.064 V                              ; 4.51e-10 s                  ; 4.15e-10 s                  ; No                         ; Yes                        ; 2.62 V                      ; 2.74e-08 V                  ; 2.71 V             ; -0.0317 V          ; 0.148 V                             ; 0.064 V                             ; 4.51e-10 s                 ; 4.15e-10 s                 ; No                        ; Yes                       ;
; display_change[2] ; 2.5 V        ; 0 s                 ; 0 s                 ; 2.62 V                       ; 2.74e-08 V                   ; 2.71 V              ; -0.0317 V           ; 0.148 V                              ; 0.064 V                              ; 4.51e-10 s                  ; 4.15e-10 s                  ; No                         ; Yes                        ; 2.62 V                      ; 2.74e-08 V                  ; 2.71 V             ; -0.0317 V          ; 0.148 V                             ; 0.064 V                             ; 4.51e-10 s                 ; 4.15e-10 s                 ; No                        ; Yes                       ;
; display_change[3] ; 2.5 V        ; 0 s                 ; 0 s                 ; 2.62 V                       ; 2.74e-08 V                   ; 2.71 V              ; -0.0317 V           ; 0.148 V                              ; 0.064 V                              ; 4.51e-10 s                  ; 4.15e-10 s                  ; No                         ; Yes                        ; 2.62 V                      ; 2.74e-08 V                  ; 2.71 V             ; -0.0317 V          ; 0.148 V                             ; 0.064 V                             ; 4.51e-10 s                 ; 4.15e-10 s                 ; No                        ; Yes                       ;
; display_change[4] ; 2.5 V        ; 0 s                 ; 0 s                 ; 2.62 V                       ; 2.74e-08 V                   ; 2.71 V              ; -0.0317 V           ; 0.148 V                              ; 0.064 V                              ; 4.51e-10 s                  ; 4.15e-10 s                  ; No                         ; Yes                        ; 2.62 V                      ; 2.74e-08 V                  ; 2.71 V             ; -0.0317 V          ; 0.148 V                             ; 0.064 V                             ; 4.51e-10 s                 ; 4.15e-10 s                 ; No                        ; Yes                       ;
; display_change[5] ; 2.5 V        ; 0 s                 ; 0 s                 ; 2.62 V                       ; 2.74e-08 V                   ; 2.64 V              ; -0.0117 V           ; 0.202 V                              ; 0.176 V                              ; 2.38e-09 s                  ; 2.22e-09 s                  ; No                         ; Yes                        ; 2.62 V                      ; 2.74e-08 V                  ; 2.64 V             ; -0.0117 V          ; 0.202 V                             ; 0.176 V                             ; 2.38e-09 s                 ; 2.22e-09 s                 ; No                        ; Yes                       ;
; display_change[6] ; 2.5 V        ; 0 s                 ; 0 s                 ; 2.62 V                       ; 2.74e-08 V                   ; 2.64 V              ; -0.0117 V           ; 0.202 V                              ; 0.176 V                              ; 2.38e-09 s                  ; 2.22e-09 s                  ; No                         ; Yes                        ; 2.62 V                      ; 2.74e-08 V                  ; 2.64 V             ; -0.0117 V          ; 0.202 V                             ; 0.176 V                             ; 2.38e-09 s                 ; 2.22e-09 s                 ; No                        ; Yes                       ;
; display_price[0]  ; 2.5 V        ; 0 s                 ; 0 s                 ; 2.62 V                       ; 4.05e-08 V                   ; 2.72 V              ; -0.0349 V           ; 0.173 V                              ; 0.1 V                                ; 2.72e-10 s                  ; 2.69e-10 s                  ; Yes                        ; Yes                        ; 2.62 V                      ; 4.05e-08 V                  ; 2.72 V             ; -0.0349 V          ; 0.173 V                             ; 0.1 V                               ; 2.72e-10 s                 ; 2.69e-10 s                 ; Yes                       ; Yes                       ;
; display_price[1]  ; 2.5 V        ; 0 s                 ; 0 s                 ; 2.62 V                       ; 4.05e-08 V                   ; 2.72 V              ; -0.0349 V           ; 0.173 V                              ; 0.1 V                                ; 2.72e-10 s                  ; 2.69e-10 s                  ; Yes                        ; Yes                        ; 2.62 V                      ; 4.05e-08 V                  ; 2.72 V             ; -0.0349 V          ; 0.173 V                             ; 0.1 V                               ; 2.72e-10 s                 ; 2.69e-10 s                 ; Yes                       ; Yes                       ;
; display_price[2]  ; 2.5 V        ; 0 s                 ; 0 s                 ; 2.62 V                       ; 4.05e-08 V                   ; 2.72 V              ; -0.0349 V           ; 0.173 V                              ; 0.1 V                                ; 2.72e-10 s                  ; 2.69e-10 s                  ; Yes                        ; Yes                        ; 2.62 V                      ; 4.05e-08 V                  ; 2.72 V             ; -0.0349 V          ; 0.173 V                             ; 0.1 V                               ; 2.72e-10 s                 ; 2.69e-10 s                 ; Yes                       ; Yes                       ;
; display_price[3]  ; 2.5 V        ; 0 s                 ; 0 s                 ; 2.62 V                       ; 4.05e-08 V                   ; 2.72 V              ; -0.0349 V           ; 0.173 V                              ; 0.1 V                                ; 2.72e-10 s                  ; 2.69e-10 s                  ; Yes                        ; Yes                        ; 2.62 V                      ; 4.05e-08 V                  ; 2.72 V             ; -0.0349 V          ; 0.173 V                             ; 0.1 V                               ; 2.72e-10 s                 ; 2.69e-10 s                 ; Yes                       ; Yes                       ;
; display_price[4]  ; 2.5 V        ; 0 s                 ; 0 s                 ; 2.62 V                       ; 4.05e-08 V                   ; 2.72 V              ; -0.0349 V           ; 0.173 V                              ; 0.1 V                                ; 2.72e-10 s                  ; 2.69e-10 s                  ; Yes                        ; Yes                        ; 2.62 V                      ; 4.05e-08 V                  ; 2.72 V             ; -0.0349 V          ; 0.173 V                             ; 0.1 V                               ; 2.72e-10 s                 ; 2.69e-10 s                 ; Yes                       ; Yes                       ;
; display_price[5]  ; 2.5 V        ; 0 s                 ; 0 s                 ; 2.62 V                       ; 4.05e-08 V                   ; 2.64 V              ; -0.0113 V           ; 0.208 V                              ; 0.179 V                              ; 2.38e-09 s                  ; 2.23e-09 s                  ; No                         ; Yes                        ; 2.62 V                      ; 4.05e-08 V                  ; 2.64 V             ; -0.0113 V          ; 0.208 V                             ; 0.179 V                             ; 2.38e-09 s                 ; 2.23e-09 s                 ; No                        ; Yes                       ;
; display_price[6]  ; 2.5 V        ; 0 s                 ; 0 s                 ; 2.62 V                       ; 4.05e-08 V                   ; 2.72 V              ; -0.0349 V           ; 0.173 V                              ; 0.1 V                                ; 2.72e-10 s                  ; 2.69e-10 s                  ; Yes                        ; Yes                        ; 2.62 V                      ; 4.05e-08 V                  ; 2.72 V             ; -0.0349 V          ; 0.173 V                             ; 0.1 V                               ; 2.72e-10 s                 ; 2.69e-10 s                 ; Yes                       ; Yes                       ;
; motor_led         ; 2.5 V        ; 0 s                 ; 0 s                 ; 2.62 V                       ; 4.05e-08 V                   ; 2.72 V              ; -0.0349 V           ; 0.173 V                              ; 0.1 V                                ; 2.72e-10 s                  ; 2.69e-10 s                  ; Yes                        ; Yes                        ; 2.62 V                      ; 4.05e-08 V                  ; 2.72 V             ; -0.0349 V          ; 0.173 V                             ; 0.1 V                               ; 2.72e-10 s                 ; 2.69e-10 s                 ; Yes                       ; Yes                       ;
; state_leds[0]     ; 2.5 V        ; 0 s                 ; 0 s                 ; 2.62 V                       ; 4.05e-08 V                   ; 2.72 V              ; -0.0349 V           ; 0.173 V                              ; 0.1 V                                ; 2.72e-10 s                  ; 2.69e-10 s                  ; Yes                        ; Yes                        ; 2.62 V                      ; 4.05e-08 V                  ; 2.72 V             ; -0.0349 V          ; 0.173 V                             ; 0.1 V                               ; 2.72e-10 s                 ; 2.69e-10 s                 ; Yes                       ; Yes                       ;
; state_leds[1]     ; 2.5 V        ; 0 s                 ; 0 s                 ; 2.62 V                       ; 4.05e-08 V                   ; 2.72 V              ; -0.0349 V           ; 0.173 V                              ; 0.1 V                                ; 2.72e-10 s                  ; 2.69e-10 s                  ; Yes                        ; Yes                        ; 2.62 V                      ; 4.05e-08 V                  ; 2.72 V             ; -0.0349 V          ; 0.173 V                             ; 0.1 V                               ; 2.72e-10 s                 ; 2.69e-10 s                 ; Yes                       ; Yes                       ;
; ~ALTERA_DCLK~     ; 2.5 V        ; 0 s                 ; 0 s                 ; 2.62 V                       ; 2.22e-08 V                   ; 2.74 V              ; -0.06 V             ; 0.158 V                              ; 0.08 V                               ; 2.68e-10 s                  ; 2.19e-10 s                  ; Yes                        ; Yes                        ; 2.62 V                      ; 2.22e-08 V                  ; 2.74 V             ; -0.06 V            ; 0.158 V                             ; 0.08 V                              ; 2.68e-10 s                 ; 2.19e-10 s                 ; Yes                       ; Yes                       ;
; ~ALTERA_nCEO~     ; 2.5 V        ; 0 s                 ; 0 s                 ; 2.62 V                       ; 3.54e-08 V                   ; 2.7 V               ; -0.00943 V          ; 0.276 V                              ; 0.035 V                              ; 3.19e-10 s                  ; 4.99e-10 s                  ; No                         ; Yes                        ; 2.62 V                      ; 3.54e-08 V                  ; 2.7 V              ; -0.00943 V         ; 0.276 V                             ; 0.035 V                             ; 3.19e-10 s                 ; 4.99e-10 s                 ; No                        ; Yes                       ;
+-------------------+--------------+---------------------+---------------------+------------------------------+------------------------------+---------------------+---------------------+--------------------------------------+--------------------------------------+-----------------------------+-----------------------------+----------------------------+----------------------------+-----------------------------+-----------------------------+--------------------+--------------------+-------------------------------------+-------------------------------------+----------------------------+----------------------------+---------------------------+---------------------------+


+-------------------------------------------------------------------+
; Setup Transfers                                                   ;
+------------+----------+----------+----------+----------+----------+
; From Clock ; To Clock ; RR Paths ; FR Paths ; RF Paths ; FF Paths ;
+------------+----------+----------+----------+----------+----------+
; clk        ; clk      ; 215      ; 0        ; 0        ; 0        ;
+------------+----------+----------+----------+----------+----------+
Entries labeled "false path" only account for clock-to-clock false paths and not path-based false paths. As a result, actual path counts may be lower than reported.


+-------------------------------------------------------------------+
; Hold Transfers                                                    ;
+------------+----------+----------+----------+----------+----------+
; From Clock ; To Clock ; RR Paths ; FR Paths ; RF Paths ; FF Paths ;
+------------+----------+----------+----------+----------+----------+
; clk        ; clk      ; 215      ; 0        ; 0        ; 0        ;
+------------+----------+----------+----------+----------+----------+
Entries labeled "false path" only account for clock-to-clock false paths and not path-based false paths. As a result, actual path counts may be lower than reported.


---------------
; Report TCCS ;
---------------
No dedicated SERDES Transmitter circuitry present in device or used in design


---------------
; Report RSKM ;
---------------
No non-DPA dedicated SERDES Receiver circuitry present in device or used in design


+------------------------------------------------+
; Unconstrained Paths Summary                    ;
+---------------------------------+-------+------+
; Property                        ; Setup ; Hold ;
+---------------------------------+-------+------+
; Illegal Clocks                  ; 0     ; 0    ;
; Unconstrained Clocks            ; 0     ; 0    ;
; Unconstrained Input Ports       ; 7     ; 7    ;
; Unconstrained Input Port Paths  ; 50    ; 50   ;
; Unconstrained Output Ports      ; 24    ; 24   ;
; Unconstrained Output Port Paths ; 87    ; 87   ;
+---------------------------------+-------+------+


+-------------------------------------+
; Clock Status Summary                ;
+--------+-------+------+-------------+
; Target ; Clock ; Type ; Status      ;
+--------+-------+------+-------------+
; clk    ; clk   ; Base ; Constrained ;
+--------+-------+------+-------------+


+-------------------------------------------------------------------------------------------------------------+
; Unconstrained Input Ports                                                                                   ;
+----------------------+--------------------------------------------------------------------------------------+
; Input Port           ; Comment                                                                              ;
+----------------------+--------------------------------------------------------------------------------------+
; cancel_btn           ; No input delay, min/max delays, false-path exceptions, or max skew assignments found ;
; coin_btn             ; No input delay, min/max delays, false-path exceptions, or max skew assignments found ;
; dispense_btn         ; No input delay, min/max delays, false-path exceptions, or max skew assignments found ;
; product_dispensed_sw ; No input delay, min/max delays, false-path exceptions, or max skew assignments found ;
; rst                  ; No input delay, min/max delays, false-path exceptions, or max skew assignments found ;
; sel_product[0]       ; No input delay, min/max delays, false-path exceptions, or max skew assignments found ;
; sel_product[1]       ; No input delay, min/max delays, false-path exceptions, or max skew assignments found ;
+----------------------+--------------------------------------------------------------------------------------+


+-----------------------------------------------------------------------------------------------------------+
; Unconstrained Output Ports                                                                                ;
+-------------------+---------------------------------------------------------------------------------------+
; Output Port       ; Comment                                                                               ;
+-------------------+---------------------------------------------------------------------------------------+
; display_change[0] ; No output delay, min/max delays, false-path exceptions, or max skew assignments found ;
; display_change[1] ; No output delay, min/max delays, false-path exceptions, or max skew assignments found ;
; display_change[2] ; No output delay, min/max delays, false-path exceptions, or max skew assignments found ;
; display_change[3] ; No output delay, min/max delays, false-path exceptions, or max skew assignments found ;
; display_change[4] ; No output delay, min/max delays, false-path exceptions, or max skew assignments found ;
; display_change[5] ; No output delay, min/max delays, false-path exceptions, or max skew assignments found ;
; display_change[6] ; No output delay, min/max delays, false-path exceptions, or max skew assignments found ;
; display_credit[0] ; No output delay, min/max delays, false-path exceptions, or max skew assignments found ;
; display_credit[1] ; No output delay, min/max delays, false-path exceptions, or max skew assignments found ;
; display_credit[2] ; No output delay, min/max delays, false-path exceptions, or max skew assignments found ;
; display_credit[3] ; No output delay, min/max delays, false-path exceptions, or max skew assignments found ;
; display_credit[4] ; No output delay, min/max delays, false-path exceptions, or max skew assignments found ;
; display_credit[5] ; No output delay, min/max delays, false-path exceptions, or max skew assignments found ;
; display_credit[6] ; No output delay, min/max delays, false-path exceptions, or max skew assignments found ;
; display_price[0]  ; No output delay, min/max delays, false-path exceptions, or max skew assignments found ;
; display_price[1]  ; No output delay, min/max delays, false-path exceptions, or max skew assignments found ;
; display_price[2]  ; No output delay, min/max delays, false-path exceptions, or max skew assignments found ;
; display_price[3]  ; No output delay, min/max delays, false-path exceptions, or max skew assignments found ;
; display_price[4]  ; No output delay, min/max delays, false-path exceptions, or max skew assignments found ;
; display_price[5]  ; No output delay, min/max delays, false-path exceptions, or max skew assignments found ;
; display_price[6]  ; No output delay, min/max delays, false-path exceptions, or max skew assignments found ;
; motor_led         ; No output delay, min/max delays, false-path exceptions, or max skew assignments found ;
; state_leds[0]     ; No output delay, min/max delays, false-path exceptions, or max skew assignments found ;
; state_leds[1]     ; No output delay, min/max delays, false-path exceptions, or max skew assignments found ;
+-------------------+---------------------------------------------------------------------------------------+


+-------------------------------------------------------------------------------------------------------------+
; Unconstrained Input Ports                                                                                   ;
+----------------------+--------------------------------------------------------------------------------------+
; Input Port           ; Comment                                                                              ;
+----------------------+--------------------------------------------------------------------------------------+
; cancel_btn           ; No input delay, min/max delays, false-path exceptions, or max skew assignments found ;
; coin_btn             ; No input delay, min/max delays, false-path exceptions, or max skew assignments found ;
; dispense_btn         ; No input delay, min/max delays, false-path exceptions, or max skew assignments found ;
; product_dispensed_sw ; No input delay, min/max delays, false-path exceptions, or max skew assignments found ;
; rst                  ; No input delay, min/max delays, false-path exceptions, or max skew assignments found ;
; sel_product[0]       ; No input delay, min/max delays, false-path exceptions, or max skew assignments found ;
; sel_product[1]       ; No input delay, min/max delays, false-path exceptions, or max skew assignments found ;
+----------------------+--------------------------------------------------------------------------------------+


+-----------------------------------------------------------------------------------------------------------+
; Unconstrained Output Ports                                                                                ;
+-------------------+---------------------------------------------------------------------------------------+
; Output Port       ; Comment                                                                               ;
+-------------------+---------------------------------------------------------------------------------------+
; display_change[0] ; No output delay, min/max delays, false-path exceptions, or max skew assignments found ;
; display_change[1] ; No output delay, min/max delays, false-path exceptions, or max skew assignments found ;
; display_change[2] ; No output delay, min/max delays, false-path exceptions, or max skew assignments found ;
; display_change[3] ; No output delay, min/max delays, false-path exceptions, or max skew assignments found ;
; display_change[4] ; No output delay, min/max delays, false-path exceptions, or max skew assignments found ;
; display_change[5] ; No output delay, min/max delays, false-path exceptions, or max skew assignments found ;
; display_change[6] ; No output delay, min/max delays, false-path exceptions, or max skew assignments found ;
; display_credit[0] ; No output delay, min/max delays, false-path exceptions, or max skew assignments found ;
; display_credit[1] ; No output delay, min/max delays, false-path exceptions, or max skew assignments found ;
; display_credit[2] ; No output delay, min/max delays, false-path exceptions, or max skew assignments found ;
; display_credit[3] ; No output delay, min/max delays, false-path exceptions, or max skew assignments found ;
; display_credit[4] ; No output delay, min/max delays, false-path exceptions, or max skew assignments found ;
; display_credit[5] ; No output delay, min/max delays, false-path exceptions, or max skew assignments found ;
; display_credit[6] ; No output delay, min/max delays, false-path exceptions, or max skew assignments found ;
; display_price[0]  ; No output delay, min/max delays, false-path exceptions, or max skew assignments found ;
; display_price[1]  ; No output delay, min/max delays, false-path exceptions, or max skew assignments found ;
; display_price[2]  ; No output delay, min/max delays, false-path exceptions, or max skew assignments found ;
; display_price[3]  ; No output delay, min/max delays, false-path exceptions, or max skew assignments found ;
; display_price[4]  ; No output delay, min/max delays, false-path exceptions, or max skew assignments found ;
; display_price[5]  ; No output delay, min/max delays, false-path exceptions, or max skew assignments found ;
; display_price[6]  ; No output delay, min/max delays, false-path exceptions, or max skew assignments found ;
; motor_led         ; No output delay, min/max delays, false-path exceptions, or max skew assignments found ;
; state_leds[0]     ; No output delay, min/max delays, false-path exceptions, or max skew assignments found ;
; state_leds[1]     ; No output delay, min/max delays, false-path exceptions, or max skew assignments found ;
+-------------------+---------------------------------------------------------------------------------------+


+--------------------------+
; Timing Analyzer Messages ;
+--------------------------+
Info: *******************************************************************
Info: Running Quartus Prime Timing Analyzer
    Info: Version 18.1.0 Build 625 09/12/2018 SJ Lite Edition
    Info: Processing started: Sun Jun 01 13:38:25 2025
Info: Command: quartus_sta lab3_vending_m -c lab3_vending_m
Info: qsta_default_script.tcl version: #1
Warning (18236): Number of processors has not been specified which may cause overloading on shared machines.  Set the global assignment NUM_PARALLEL_PROCESSORS in your QSF to an appropriate value for best performance.
Info (20030): Parallel compilation is enabled and will use 6 of the 6 processors detected
Info (21077): Low junction temperature is 0 degrees C
Info (21077): High junction temperature is 85 degrees C
Critical Warning (332012): Synopsys Design Constraints File file not found: 'lab3_vending_m.sdc'. A Synopsys Design Constraints File is required by the Timing Analyzer to get proper timing constraints. Without it, the Compiler will not properly optimize the design.
Info (332142): No user constrained base clocks found in the design. Calling "derive_clocks -period 1.0"
Info (332105): Deriving Clocks
    Info (332105): create_clock -period 1.000 -name clk clk
Info (332143): No user constrained clock uncertainty found in the design. Calling "derive_clock_uncertainty"
Info (332123): Deriving Clock Uncertainty. Please refer to report_sdc in the Timing Analyzer to see clock uncertainties.
Info: Found TIMING_ANALYZER_REPORT_SCRIPT_INCLUDE_DEFAULT_ANALYSIS = ON
Info: Analyzing Slow 1200mV 85C Model
Critical Warning (332148): Timing requirements not met
    Info (11105): For recommendations on closing timing, run Report Timing Closure Recommendations in the Timing Analyzer.
Info (332146): Worst-case setup slack is -2.260
    Info (332119):     Slack       End Point TNS Clock 
    Info (332119): ========= =================== =====================
    Info (332119):    -2.260             -19.686 clk 
Info (332146): Worst-case hold slack is 0.406
    Info (332119):     Slack       End Point TNS Clock 
    Info (332119): ========= =================== =====================
    Info (332119):     0.406               0.000 clk 
Info (332140): No Recovery paths to report
Info (332140): No Removal paths to report
Info (332146): Worst-case minimum pulse width slack is -3.000
    Info (332119):     Slack       End Point TNS Clock 
    Info (332119): ========= =================== =====================
    Info (332119):    -3.000             -23.560 clk 
Info: Analyzing Slow 1200mV 0C Model
Info (334003): Started post-fitting delay annotation
Info (334004): Delay annotation completed successfully
Info (332123): Deriving Clock Uncertainty. Please refer to report_sdc in the Timing Analyzer to see clock uncertainties.
Critical Warning (332148): Timing requirements not met
    Info (11105): For recommendations on closing timing, run Report Timing Closure Recommendations in the Timing Analyzer.
Info (332146): Worst-case setup slack is -1.986
    Info (332119):     Slack       End Point TNS Clock 
    Info (332119): ========= =================== =====================
    Info (332119):    -1.986             -17.114 clk 
Info (332146): Worst-case hold slack is 0.358
    Info (332119):     Slack       End Point TNS Clock 
    Info (332119): ========= =================== =====================
    Info (332119):     0.358               0.000 clk 
Info (332140): No Recovery paths to report
Info (332140): No Removal paths to report
Info (332146): Worst-case minimum pulse width slack is -3.000
    Info (332119):     Slack       End Point TNS Clock 
    Info (332119): ========= =================== =====================
    Info (332119):    -3.000             -23.560 clk 
Info: Analyzing Fast 1200mV 0C Model
Info (332123): Deriving Clock Uncertainty. Please refer to report_sdc in the Timing Analyzer to see clock uncertainties.
Critical Warning (332148): Timing requirements not met
    Info (11105): For recommendations on closing timing, run Report Timing Closure Recommendations in the Timing Analyzer.
Info (332146): Worst-case setup slack is -0.563
    Info (332119):     Slack       End Point TNS Clock 
    Info (332119): ========= =================== =====================
    Info (332119):    -0.563              -4.722 clk 
Info (332146): Worst-case hold slack is 0.185
    Info (332119):     Slack       End Point TNS Clock 
    Info (332119): ========= =================== =====================
    Info (332119):     0.185               0.000 clk 
Info (332140): No Recovery paths to report
Info (332140): No Removal paths to report
Info (332146): Worst-case minimum pulse width slack is -3.000
    Info (332119):     Slack       End Point TNS Clock 
    Info (332119): ========= =================== =====================
    Info (332119):    -3.000             -19.976 clk 
Info (332102): Design is not fully constrained for setup requirements
Info (332102): Design is not fully constrained for hold requirements
Info: Quartus Prime Timing Analyzer was successful. 0 errors, 5 warnings
    Info: Peak virtual memory: 4863 megabytes
    Info: Processing ended: Sun Jun 01 13:38:27 2025
    Info: Elapsed time: 00:00:02
    Info: Total CPU time (on all processors): 00:00:02


