Timing Analyzer report for counter_9999
Sat May 31 11:24:26 2025
Quartus Prime Version 18.1.0 Build 625 09/12/2018 SJ Lite Edition


---------------------
; Table of Contents ;
---------------------
  1. Legal Notice
  2. Timing Analyzer Summary
  3. Parallel Compilation
  4. Clocks
  5. Slow 1200mV 85C Model Fmax Summary
  6. Timing Closure Recommendations
  7. Slow 1200mV 85C Model Setup Summary
  8. Slow 1200mV 85C Model Hold Summary
  9. Slow 1200mV 85C Model Recovery Summary
 10. Slow 1200mV 85C Model Removal Summary
 11. Slow 1200mV 85C Model Minimum Pulse Width Summary
 12. Slow 1200mV 85C Model Setup: 'key_sync_0'
 13. Slow 1200mV 85C Model Setup: 'CLOCK_50'
 14. Slow 1200mV 85C Model Hold: 'CLOCK_50'
 15. Slow 1200mV 85C Model Hold: 'key_sync_0'
 16. Slow 1200mV 85C Model Metastability Summary
 17. Slow 1200mV 0C Model Fmax Summary
 18. Slow 1200mV 0C Model Setup Summary
 19. Slow 1200mV 0C Model Hold Summary
 20. Slow 1200mV 0C Model Recovery Summary
 21. Slow 1200mV 0C Model Removal Summary
 22. Slow 1200mV 0C Model Minimum Pulse Width Summary
 23. Slow 1200mV 0C Model Setup: 'key_sync_0'
 24. Slow 1200mV 0C Model Setup: 'CLOCK_50'
 25. Slow 1200mV 0C Model Hold: 'CLOCK_50'
 26. Slow 1200mV 0C Model Hold: 'key_sync_0'
 27. Slow 1200mV 0C Model Metastability Summary
 28. Fast 1200mV 0C Model Setup Summary
 29. Fast 1200mV 0C Model Hold Summary
 30. Fast 1200mV 0C Model Recovery Summary
 31. Fast 1200mV 0C Model Removal Summary
 32. Fast 1200mV 0C Model Minimum Pulse Width Summary
 33. Fast 1200mV 0C Model Setup: 'key_sync_0'
 34. Fast 1200mV 0C Model Setup: 'CLOCK_50'
 35. Fast 1200mV 0C Model Hold: 'CLOCK_50'
 36. Fast 1200mV 0C Model Hold: 'key_sync_0'
 37. Fast 1200mV 0C Model Metastability Summary
 38. Multicorner Timing Analysis Summary
 39. Board Trace Model Assignments
 40. Input Transition Times
 41. Signal Integrity Metrics (Slow 1200mv 0c Model)
 42. Signal Integrity Metrics (Slow 1200mv 85c Model)
 43. Signal Integrity Metrics (Fast 1200mv 0c Model)
 44. Setup Transfers
 45. Hold Transfers
 46. Report TCCS
 47. Report RSKM
 48. Unconstrained Paths Summary
 49. Clock Status Summary
 50. Unconstrained Input Ports
 51. Unconstrained Output Ports
 52. Unconstrained Input Ports
 53. Unconstrained Output Ports
 54. Timing Analyzer Messages



----------------
; Legal Notice ;
----------------
Copyright (C) 2018  Intel Corporation. All rights reserved.
Your use of Intel Corporation's design tools, logic functions 
and other software and tools, and its AMPP partner logic 
functions, and any output files from any of the foregoing 
(including device programming or simulation files), and any 
associated documentation or information are expressly subject 
to the terms and conditions of the Intel Program License 
Subscription Agreement, the Intel Quartus Prime License Agreement,
the Intel FPGA IP License Agreement, or other applicable license
agreement, including, without limitation, that your use is for
the sole purpose of programming logic devices manufactured by
Intel and sold by Intel or its authorized distributors.  Please
refer to the applicable agreement for further details.



+-----------------------------------------------------------------------------+
; Timing Analyzer Summary                                                     ;
+-----------------------+-----------------------------------------------------+
; Quartus Prime Version ; Version 18.1.0 Build 625 09/12/2018 SJ Lite Edition ;
; Timing Analyzer       ; Legacy Timing Analyzer                              ;
; Revision Name         ; counter_9999                                        ;
; Device Family         ; Cyclone IV E                                        ;
; Device Name           ; EP4CE115F29C7                                       ;
; Timing Models         ; Final                                               ;
; Delay Model           ; Combined                                            ;
; Rise/Fall Delays      ; Enabled                                             ;
+-----------------------+-----------------------------------------------------+


+------------------------------------------+
; Parallel Compilation                     ;
+----------------------------+-------------+
; Processors                 ; Number      ;
+----------------------------+-------------+
; Number detected on machine ; 12          ;
; Maximum allowed            ; 6           ;
;                            ;             ;
; Average used               ; 1.03        ;
; Maximum used               ; 6           ;
;                            ;             ;
; Usage by Processor         ; % Time Used ;
;     Processor 1            ; 100.0%      ;
;     Processors 2-6         ;   0.5%      ;
+----------------------------+-------------+


+----------------------------------------------------------------------------------------------------------------------------------------------------------------------------------------+
; Clocks                                                                                                                                                                                 ;
+------------+------+--------+------------+-------+-------+------------+-----------+-------------+-------+--------+-----------+------------+----------+--------+--------+----------------+
; Clock Name ; Type ; Period ; Frequency  ; Rise  ; Fall  ; Duty Cycle ; Divide by ; Multiply by ; Phase ; Offset ; Edge List ; Edge Shift ; Inverted ; Master ; Source ; Targets        ;
+------------+------+--------+------------+-------+-------+------------+-----------+-------------+-------+--------+-----------+------------+----------+--------+--------+----------------+
; CLOCK_50   ; Base ; 1.000  ; 1000.0 MHz ; 0.000 ; 0.500 ;            ;           ;             ;       ;        ;           ;            ;          ;        ;        ; { CLOCK_50 }   ;
; key_sync_0 ; Base ; 1.000  ; 1000.0 MHz ; 0.000 ; 0.500 ;            ;           ;             ;       ;        ;           ;            ;          ;        ;        ; { key_sync_0 } ;
+------------+------+--------+------------+-------+-------+------------+-----------+-------------+-------+--------+-----------+------------+----------+--------+--------+----------------+


+--------------------------------------------------+
; Slow 1200mV 85C Model Fmax Summary               ;
+------------+-----------------+------------+------+
; Fmax       ; Restricted Fmax ; Clock Name ; Note ;
+------------+-----------------+------------+------+
; 246.49 MHz ; 246.49 MHz      ; key_sync_0 ;      ;
+------------+-----------------+------------+------+
This panel reports FMAX for every clock in the design, regardless of the user-specified clock periods.  FMAX is only computed for paths where the source and destination registers or ports are driven by the same clock.  Paths of different clocks, including generated clocks, are ignored.  For paths between a clock and its inversion, FMAX is computed as if the rising and falling edges are scaled along with FMAX, such that the duty cycle (in terms of a percentage) is maintained. Altera recommends that you always use clock constraints and other slack reports for sign-off analysis.


----------------------------------
; Timing Closure Recommendations ;
----------------------------------
HTML report is unavailable in plain text report export.


+-------------------------------------+
; Slow 1200mV 85C Model Setup Summary ;
+------------+--------+---------------+
; Clock      ; Slack  ; End Point TNS ;
+------------+--------+---------------+
; key_sync_0 ; -3.057 ; -39.153       ;
; CLOCK_50   ; -0.837 ; -0.837        ;
+------------+--------+---------------+


+------------------------------------+
; Slow 1200mV 85C Model Hold Summary ;
+------------+-------+---------------+
; Clock      ; Slack ; End Point TNS ;
+------------+-------+---------------+
; CLOCK_50   ; 0.900 ; 0.000         ;
; key_sync_0 ; 1.698 ; 0.000         ;
+------------+-------+---------------+


------------------------------------------
; Slow 1200mV 85C Model Recovery Summary ;
------------------------------------------
No paths to report.


-----------------------------------------
; Slow 1200mV 85C Model Removal Summary ;
-----------------------------------------
No paths to report.


+---------------------------------------------------+
; Slow 1200mV 85C Model Minimum Pulse Width Summary ;
+------------+--------+-----------------------------+
; Clock      ; Slack  ; End Point TNS               ;
+------------+--------+-----------------------------+
; CLOCK_50   ; -3.000 ; -5.570                      ;
; key_sync_0 ; -1.285 ; -17.990                     ;
+------------+--------+-----------------------------+


+--------------------------------------------------------------------------------------------------------------------------------------------------+
; Slow 1200mV 85C Model Setup: 'key_sync_0'                                                                                                        ;
+--------+---------------------------------+---------------------------------+--------------+-------------+--------------+------------+------------+
; Slack  ; From Node                       ; To Node                         ; Launch Clock ; Latch Clock ; Relationship ; Clock Skew ; Data Delay ;
+--------+---------------------------------+---------------------------------+--------------+-------------+--------------+------------+------------+
; -3.057 ; counter_9999:counter_inst|q[0]  ; counter_9999:counter_inst|q[13] ; key_sync_0   ; key_sync_0  ; 1.000        ; -0.080     ; 3.975      ;
; -2.995 ; counter_9999:counter_inst|q[11] ; counter_9999:counter_inst|q[5]  ; key_sync_0   ; key_sync_0  ; 1.000        ; -0.078     ; 3.915      ;
; -2.991 ; counter_9999:counter_inst|q[2]  ; counter_9999:counter_inst|q[13] ; key_sync_0   ; key_sync_0  ; 1.000        ; -0.080     ; 3.909      ;
; -2.964 ; counter_9999:counter_inst|q[7]  ; counter_9999:counter_inst|q[5]  ; key_sync_0   ; key_sync_0  ; 1.000        ; -0.078     ; 3.884      ;
; -2.916 ; counter_9999:counter_inst|q[1]  ; counter_9999:counter_inst|q[13] ; key_sync_0   ; key_sync_0  ; 1.000        ; -0.079     ; 3.835      ;
; -2.898 ; counter_9999:counter_inst|q[1]  ; counter_9999:counter_inst|q[10] ; key_sync_0   ; key_sync_0  ; 1.000        ; -0.076     ; 3.820      ;
; -2.877 ; counter_9999:counter_inst|q[1]  ; counter_9999:counter_inst|q[12] ; key_sync_0   ; key_sync_0  ; 1.000        ; -0.078     ; 3.797      ;
; -2.875 ; counter_9999:counter_inst|q[5]  ; counter_9999:counter_inst|q[10] ; key_sync_0   ; key_sync_0  ; 1.000        ; -0.079     ; 3.794      ;
; -2.854 ; counter_9999:counter_inst|q[5]  ; counter_9999:counter_inst|q[12] ; key_sync_0   ; key_sync_0  ; 1.000        ; -0.081     ; 3.771      ;
; -2.834 ; counter_9999:counter_inst|q[0]  ; counter_9999:counter_inst|q[5]  ; key_sync_0   ; key_sync_0  ; 1.000        ; -0.077     ; 3.755      ;
; -2.828 ; counter_9999:counter_inst|q[5]  ; counter_9999:counter_inst|q[13] ; key_sync_0   ; key_sync_0  ; 1.000        ; -0.082     ; 3.744      ;
; -2.816 ; counter_9999:counter_inst|q[6]  ; counter_9999:counter_inst|q[5]  ; key_sync_0   ; key_sync_0  ; 1.000        ; -0.078     ; 3.736      ;
; -2.802 ; counter_9999:counter_inst|q[3]  ; counter_9999:counter_inst|q[13] ; key_sync_0   ; key_sync_0  ; 1.000        ; -0.079     ; 3.721      ;
; -2.795 ; counter_9999:counter_inst|q[1]  ; counter_9999:counter_inst|q[9]  ; key_sync_0   ; key_sync_0  ; 1.000        ; -0.076     ; 3.717      ;
; -2.779 ; counter_9999:counter_inst|q[1]  ; counter_9999:counter_inst|q[8]  ; key_sync_0   ; key_sync_0  ; 1.000        ; -0.076     ; 3.701      ;
; -2.772 ; counter_9999:counter_inst|q[5]  ; counter_9999:counter_inst|q[9]  ; key_sync_0   ; key_sync_0  ; 1.000        ; -0.079     ; 3.691      ;
; -2.771 ; counter_9999:counter_inst|q[3]  ; counter_9999:counter_inst|q[10] ; key_sync_0   ; key_sync_0  ; 1.000        ; -0.076     ; 3.693      ;
; -2.764 ; counter_9999:counter_inst|q[11] ; counter_9999:counter_inst|q[1]  ; key_sync_0   ; key_sync_0  ; 1.000        ; -0.081     ; 3.681      ;
; -2.763 ; counter_9999:counter_inst|q[11] ; counter_9999:counter_inst|q[3]  ; key_sync_0   ; key_sync_0  ; 1.000        ; -0.081     ; 3.680      ;
; -2.763 ; counter_9999:counter_inst|q[11] ; counter_9999:counter_inst|q[13] ; key_sync_0   ; key_sync_0  ; 1.000        ; -0.081     ; 3.680      ;
; -2.756 ; counter_9999:counter_inst|q[5]  ; counter_9999:counter_inst|q[8]  ; key_sync_0   ; key_sync_0  ; 1.000        ; -0.079     ; 3.675      ;
; -2.750 ; counter_9999:counter_inst|q[11] ; counter_9999:counter_inst|q[0]  ; key_sync_0   ; key_sync_0  ; 1.000        ; -0.080     ; 3.668      ;
; -2.750 ; counter_9999:counter_inst|q[11] ; counter_9999:counter_inst|q[2]  ; key_sync_0   ; key_sync_0  ; 1.000        ; -0.080     ; 3.668      ;
; -2.750 ; counter_9999:counter_inst|q[3]  ; counter_9999:counter_inst|q[12] ; key_sync_0   ; key_sync_0  ; 1.000        ; -0.078     ; 3.670      ;
; -2.743 ; counter_9999:counter_inst|q[8]  ; counter_9999:counter_inst|q[5]  ; key_sync_0   ; key_sync_0  ; 1.000        ; -0.079     ; 3.662      ;
; -2.742 ; counter_9999:counter_inst|q[0]  ; counter_9999:counter_inst|q[7]  ; key_sync_0   ; key_sync_0  ; 1.000        ; -0.079     ; 3.661      ;
; -2.742 ; counter_9999:counter_inst|q[7]  ; counter_9999:counter_inst|q[1]  ; key_sync_0   ; key_sync_0  ; 1.000        ; -0.081     ; 3.659      ;
; -2.741 ; counter_9999:counter_inst|q[7]  ; counter_9999:counter_inst|q[3]  ; key_sync_0   ; key_sync_0  ; 1.000        ; -0.081     ; 3.658      ;
; -2.741 ; counter_9999:counter_inst|q[7]  ; counter_9999:counter_inst|q[13] ; key_sync_0   ; key_sync_0  ; 1.000        ; -0.081     ; 3.658      ;
; -2.739 ; counter_9999:counter_inst|q[10] ; counter_9999:counter_inst|q[5]  ; key_sync_0   ; key_sync_0  ; 1.000        ; -0.079     ; 3.658      ;
; -2.729 ; counter_9999:counter_inst|q[13] ; counter_9999:counter_inst|q[5]  ; key_sync_0   ; key_sync_0  ; 1.000        ; -0.076     ; 3.651      ;
; -2.728 ; counter_9999:counter_inst|q[7]  ; counter_9999:counter_inst|q[0]  ; key_sync_0   ; key_sync_0  ; 1.000        ; -0.080     ; 3.646      ;
; -2.728 ; counter_9999:counter_inst|q[7]  ; counter_9999:counter_inst|q[2]  ; key_sync_0   ; key_sync_0  ; 1.000        ; -0.080     ; 3.646      ;
; -2.722 ; counter_9999:counter_inst|q[1]  ; counter_9999:counter_inst|q[6]  ; key_sync_0   ; key_sync_0  ; 1.000        ; -0.078     ; 3.642      ;
; -2.718 ; counter_9999:counter_inst|q[4]  ; counter_9999:counter_inst|q[13] ; key_sync_0   ; key_sync_0  ; 1.000        ; -0.081     ; 3.635      ;
; -2.712 ; counter_9999:counter_inst|q[0]  ; counter_9999:counter_inst|q[11] ; key_sync_0   ; key_sync_0  ; 1.000        ; -0.079     ; 3.631      ;
; -2.691 ; counter_9999:counter_inst|q[11] ; counter_9999:counter_inst|q[10] ; key_sync_0   ; key_sync_0  ; 1.000        ; -0.078     ; 3.611      ;
; -2.689 ; counter_9999:counter_inst|q[11] ; counter_9999:counter_inst|q[9]  ; key_sync_0   ; key_sync_0  ; 1.000        ; -0.078     ; 3.609      ;
; -2.689 ; counter_9999:counter_inst|q[11] ; counter_9999:counter_inst|q[8]  ; key_sync_0   ; key_sync_0  ; 1.000        ; -0.078     ; 3.609      ;
; -2.685 ; counter_9999:counter_inst|q[12] ; counter_9999:counter_inst|q[5]  ; key_sync_0   ; key_sync_0  ; 1.000        ; -0.078     ; 3.605      ;
; -2.683 ; counter_9999:counter_inst|q[0]  ; counter_9999:counter_inst|q[10] ; key_sync_0   ; key_sync_0  ; 1.000        ; -0.077     ; 3.604      ;
; -2.679 ; counter_9999:counter_inst|q[0]  ; counter_9999:counter_inst|q[9]  ; key_sync_0   ; key_sync_0  ; 1.000        ; -0.077     ; 3.600      ;
; -2.677 ; counter_9999:counter_inst|q[1]  ; counter_9999:counter_inst|q[11] ; key_sync_0   ; key_sync_0  ; 1.000        ; -0.078     ; 3.597      ;
; -2.676 ; counter_9999:counter_inst|q[2]  ; counter_9999:counter_inst|q[7]  ; key_sync_0   ; key_sync_0  ; 1.000        ; -0.079     ; 3.595      ;
; -2.669 ; counter_9999:counter_inst|q[0]  ; counter_9999:counter_inst|q[12] ; key_sync_0   ; key_sync_0  ; 1.000        ; -0.079     ; 3.588      ;
; -2.669 ; counter_9999:counter_inst|q[7]  ; counter_9999:counter_inst|q[10] ; key_sync_0   ; key_sync_0  ; 1.000        ; -0.078     ; 3.589      ;
; -2.668 ; counter_9999:counter_inst|q[3]  ; counter_9999:counter_inst|q[9]  ; key_sync_0   ; key_sync_0  ; 1.000        ; -0.076     ; 3.590      ;
; -2.667 ; counter_9999:counter_inst|q[7]  ; counter_9999:counter_inst|q[9]  ; key_sync_0   ; key_sync_0  ; 1.000        ; -0.078     ; 3.587      ;
; -2.667 ; counter_9999:counter_inst|q[7]  ; counter_9999:counter_inst|q[8]  ; key_sync_0   ; key_sync_0  ; 1.000        ; -0.078     ; 3.587      ;
; -2.654 ; counter_9999:counter_inst|q[5]  ; counter_9999:counter_inst|q[11] ; key_sync_0   ; key_sync_0  ; 1.000        ; -0.081     ; 3.571      ;
; -2.652 ; counter_9999:counter_inst|q[3]  ; counter_9999:counter_inst|q[8]  ; key_sync_0   ; key_sync_0  ; 1.000        ; -0.076     ; 3.574      ;
; -2.648 ; counter_9999:counter_inst|q[0]  ; counter_9999:counter_inst|q[6]  ; key_sync_0   ; key_sync_0  ; 1.000        ; -0.079     ; 3.567      ;
; -2.647 ; counter_9999:counter_inst|q[1]  ; counter_9999:counter_inst|q[5]  ; key_sync_0   ; key_sync_0  ; 1.000        ; -0.076     ; 3.569      ;
; -2.646 ; counter_9999:counter_inst|q[2]  ; counter_9999:counter_inst|q[11] ; key_sync_0   ; key_sync_0  ; 1.000        ; -0.079     ; 3.565      ;
; -2.639 ; counter_9999:counter_inst|q[4]  ; counter_9999:counter_inst|q[9]  ; key_sync_0   ; key_sync_0  ; 1.000        ; -0.078     ; 3.559      ;
; -2.635 ; counter_9999:counter_inst|q[1]  ; counter_9999:counter_inst|q[7]  ; key_sync_0   ; key_sync_0  ; 1.000        ; -0.078     ; 3.555      ;
; -2.616 ; counter_9999:counter_inst|q[8]  ; counter_9999:counter_inst|q[13] ; key_sync_0   ; key_sync_0  ; 1.000        ; -0.082     ; 3.532      ;
; -2.612 ; counter_9999:counter_inst|q[0]  ; counter_9999:counter_inst|q[1]  ; key_sync_0   ; key_sync_0  ; 1.000        ; -0.080     ; 3.530      ;
; -2.611 ; counter_9999:counter_inst|q[0]  ; counter_9999:counter_inst|q[3]  ; key_sync_0   ; key_sync_0  ; 1.000        ; -0.080     ; 3.529      ;
; -2.611 ; counter_9999:counter_inst|q[2]  ; counter_9999:counter_inst|q[10] ; key_sync_0   ; key_sync_0  ; 1.000        ; -0.077     ; 3.532      ;
; -2.608 ; counter_9999:counter_inst|q[3]  ; counter_9999:counter_inst|q[6]  ; key_sync_0   ; key_sync_0  ; 1.000        ; -0.078     ; 3.528      ;
; -2.608 ; counter_9999:counter_inst|q[2]  ; counter_9999:counter_inst|q[9]  ; key_sync_0   ; key_sync_0  ; 1.000        ; -0.077     ; 3.529      ;
; -2.607 ; counter_9999:counter_inst|q[11] ; counter_9999:counter_inst|q[12] ; key_sync_0   ; key_sync_0  ; 1.000        ; -0.080     ; 3.525      ;
; -2.603 ; counter_9999:counter_inst|q[9]  ; counter_9999:counter_inst|q[10] ; key_sync_0   ; key_sync_0  ; 1.000        ; -0.079     ; 3.522      ;
; -2.595 ; counter_9999:counter_inst|q[0]  ; counter_9999:counter_inst|q[0]  ; key_sync_0   ; key_sync_0  ; 1.000        ; -0.079     ; 3.514      ;
; -2.595 ; counter_9999:counter_inst|q[0]  ; counter_9999:counter_inst|q[2]  ; key_sync_0   ; key_sync_0  ; 1.000        ; -0.079     ; 3.514      ;
; -2.594 ; counter_9999:counter_inst|q[6]  ; counter_9999:counter_inst|q[1]  ; key_sync_0   ; key_sync_0  ; 1.000        ; -0.081     ; 3.511      ;
; -2.593 ; counter_9999:counter_inst|q[6]  ; counter_9999:counter_inst|q[3]  ; key_sync_0   ; key_sync_0  ; 1.000        ; -0.081     ; 3.510      ;
; -2.593 ; counter_9999:counter_inst|q[6]  ; counter_9999:counter_inst|q[13] ; key_sync_0   ; key_sync_0  ; 1.000        ; -0.081     ; 3.510      ;
; -2.592 ; counter_9999:counter_inst|q[4]  ; counter_9999:counter_inst|q[10] ; key_sync_0   ; key_sync_0  ; 1.000        ; -0.078     ; 3.512      ;
; -2.588 ; counter_9999:counter_inst|q[13] ; counter_9999:counter_inst|q[1]  ; key_sync_0   ; key_sync_0  ; 1.000        ; -0.079     ; 3.507      ;
; -2.587 ; counter_9999:counter_inst|q[13] ; counter_9999:counter_inst|q[3]  ; key_sync_0   ; key_sync_0  ; 1.000        ; -0.079     ; 3.506      ;
; -2.587 ; counter_9999:counter_inst|q[13] ; counter_9999:counter_inst|q[13] ; key_sync_0   ; key_sync_0  ; 1.000        ; -0.079     ; 3.506      ;
; -2.584 ; counter_9999:counter_inst|q[2]  ; counter_9999:counter_inst|q[12] ; key_sync_0   ; key_sync_0  ; 1.000        ; -0.079     ; 3.503      ;
; -2.582 ; counter_9999:counter_inst|q[9]  ; counter_9999:counter_inst|q[12] ; key_sync_0   ; key_sync_0  ; 1.000        ; -0.081     ; 3.499      ;
; -2.580 ; counter_9999:counter_inst|q[6]  ; counter_9999:counter_inst|q[0]  ; key_sync_0   ; key_sync_0  ; 1.000        ; -0.080     ; 3.498      ;
; -2.580 ; counter_9999:counter_inst|q[6]  ; counter_9999:counter_inst|q[2]  ; key_sync_0   ; key_sync_0  ; 1.000        ; -0.080     ; 3.498      ;
; -2.574 ; counter_9999:counter_inst|q[13] ; counter_9999:counter_inst|q[0]  ; key_sync_0   ; key_sync_0  ; 1.000        ; -0.078     ; 3.494      ;
; -2.574 ; counter_9999:counter_inst|q[13] ; counter_9999:counter_inst|q[2]  ; key_sync_0   ; key_sync_0  ; 1.000        ; -0.078     ; 3.494      ;
; -2.574 ; counter_9999:counter_inst|q[11] ; counter_9999:counter_inst|q[11] ; key_sync_0   ; key_sync_0  ; 1.000        ; -0.080     ; 3.492      ;
; -2.571 ; counter_9999:counter_inst|q[4]  ; counter_9999:counter_inst|q[12] ; key_sync_0   ; key_sync_0  ; 1.000        ; -0.080     ; 3.489      ;
; -2.570 ; counter_9999:counter_inst|q[7]  ; counter_9999:counter_inst|q[12] ; key_sync_0   ; key_sync_0  ; 1.000        ; -0.080     ; 3.488      ;
; -2.569 ; counter_9999:counter_inst|q[11] ; counter_9999:counter_inst|q[6]  ; key_sync_0   ; key_sync_0  ; 1.000        ; -0.080     ; 3.487      ;
; -2.563 ; counter_9999:counter_inst|q[2]  ; counter_9999:counter_inst|q[6]  ; key_sync_0   ; key_sync_0  ; 1.000        ; -0.079     ; 3.482      ;
; -2.557 ; counter_9999:counter_inst|q[0]  ; counter_9999:counter_inst|q[8]  ; key_sync_0   ; key_sync_0  ; 1.000        ; -0.077     ; 3.478      ;
; -2.556 ; counter_9999:counter_inst|q[9]  ; counter_9999:counter_inst|q[13] ; key_sync_0   ; key_sync_0  ; 1.000        ; -0.082     ; 3.472      ;
; -2.553 ; counter_9999:counter_inst|q[10] ; counter_9999:counter_inst|q[13] ; key_sync_0   ; key_sync_0  ; 1.000        ; -0.082     ; 3.469      ;
; -2.552 ; counter_9999:counter_inst|q[2]  ; counter_9999:counter_inst|q[5]  ; key_sync_0   ; key_sync_0  ; 1.000        ; -0.077     ; 3.473      ;
; -2.552 ; counter_9999:counter_inst|q[7]  ; counter_9999:counter_inst|q[11] ; key_sync_0   ; key_sync_0  ; 1.000        ; -0.080     ; 3.470      ;
; -2.550 ; counter_9999:counter_inst|q[3]  ; counter_9999:counter_inst|q[11] ; key_sync_0   ; key_sync_0  ; 1.000        ; -0.078     ; 3.470      ;
; -2.549 ; counter_9999:counter_inst|q[11] ; counter_9999:counter_inst|q[4]  ; key_sync_0   ; key_sync_0  ; 1.000        ; -0.080     ; 3.467      ;
; -2.547 ; counter_9999:counter_inst|q[7]  ; counter_9999:counter_inst|q[6]  ; key_sync_0   ; key_sync_0  ; 1.000        ; -0.080     ; 3.465      ;
; -2.544 ; counter_9999:counter_inst|q[1]  ; counter_9999:counter_inst|q[2]  ; key_sync_0   ; key_sync_0  ; 1.000        ; -0.078     ; 3.464      ;
; -2.537 ; counter_9999:counter_inst|q[8]  ; counter_9999:counter_inst|q[9]  ; key_sync_0   ; key_sync_0  ; 1.000        ; -0.079     ; 3.456      ;
; -2.533 ; counter_9999:counter_inst|q[4]  ; counter_9999:counter_inst|q[11] ; key_sync_0   ; key_sync_0  ; 1.000        ; -0.080     ; 3.451      ;
; -2.527 ; counter_9999:counter_inst|q[7]  ; counter_9999:counter_inst|q[4]  ; key_sync_0   ; key_sync_0  ; 1.000        ; -0.080     ; 3.445      ;
; -2.521 ; counter_9999:counter_inst|q[6]  ; counter_9999:counter_inst|q[10] ; key_sync_0   ; key_sync_0  ; 1.000        ; -0.078     ; 3.441      ;
; -2.521 ; counter_9999:counter_inst|q[3]  ; counter_9999:counter_inst|q[7]  ; key_sync_0   ; key_sync_0  ; 1.000        ; -0.078     ; 3.441      ;
; -2.519 ; counter_9999:counter_inst|q[6]  ; counter_9999:counter_inst|q[9]  ; key_sync_0   ; key_sync_0  ; 1.000        ; -0.078     ; 3.439      ;
; -2.519 ; counter_9999:counter_inst|q[6]  ; counter_9999:counter_inst|q[8]  ; key_sync_0   ; key_sync_0  ; 1.000        ; -0.078     ; 3.439      ;
+--------+---------------------------------+---------------------------------+--------------+-------------+--------------+------------+------------+


+--------------------------------------------------------------------------------------------------------+
; Slow 1200mV 85C Model Setup: 'CLOCK_50'                                                                ;
+--------+------------+------------+--------------+-------------+--------------+------------+------------+
; Slack  ; From Node  ; To Node    ; Launch Clock ; Latch Clock ; Relationship ; Clock Skew ; Data Delay ;
+--------+------------+------------+--------------+-------------+--------------+------------+------------+
; -0.837 ; key_sync_0 ; key_sync_1 ; key_sync_0   ; CLOCK_50    ; 0.500        ; 1.677      ; 3.234      ;
; -0.306 ; key_sync_0 ; key_sync_1 ; key_sync_0   ; CLOCK_50    ; 1.000        ; 1.677      ; 3.203      ;
+--------+------------+------------+--------------+-------------+--------------+------------+------------+


+-------------------------------------------------------------------------------------------------------+
; Slow 1200mV 85C Model Hold: 'CLOCK_50'                                                                ;
+-------+------------+------------+--------------+-------------+--------------+------------+------------+
; Slack ; From Node  ; To Node    ; Launch Clock ; Latch Clock ; Relationship ; Clock Skew ; Data Delay ;
+-------+------------+------------+--------------+-------------+--------------+------------+------------+
; 0.900 ; key_sync_0 ; key_sync_1 ; key_sync_0   ; CLOCK_50    ; 0.000        ; 1.737      ; 3.085      ;
; 1.429 ; key_sync_0 ; key_sync_1 ; key_sync_0   ; CLOCK_50    ; -0.500       ; 1.737      ; 3.114      ;
+-------+------------+------------+--------------+-------------+--------------+------------+------------+


+-------------------------------------------------------------------------------------------------------------------------------------------------+
; Slow 1200mV 85C Model Hold: 'key_sync_0'                                                                                                        ;
+-------+---------------------------------+---------------------------------+--------------+-------------+--------------+------------+------------+
; Slack ; From Node                       ; To Node                         ; Launch Clock ; Latch Clock ; Relationship ; Clock Skew ; Data Delay ;
+-------+---------------------------------+---------------------------------+--------------+-------------+--------------+------------+------------+
; 1.698 ; counter_9999:counter_inst|q[1]  ; counter_9999:counter_inst|q[1]  ; key_sync_0   ; key_sync_0  ; 0.000        ; 0.079      ; 1.963      ;
; 1.712 ; counter_9999:counter_inst|q[7]  ; counter_9999:counter_inst|q[7]  ; key_sync_0   ; key_sync_0  ; 0.000        ; 0.080      ; 1.978      ;
; 1.716 ; counter_9999:counter_inst|q[12] ; counter_9999:counter_inst|q[12] ; key_sync_0   ; key_sync_0  ; 0.000        ; 0.080      ; 1.982      ;
; 1.729 ; counter_9999:counter_inst|q[4]  ; counter_9999:counter_inst|q[4]  ; key_sync_0   ; key_sync_0  ; 0.000        ; 0.080      ; 1.995      ;
; 1.734 ; counter_9999:counter_inst|q[6]  ; counter_9999:counter_inst|q[6]  ; key_sync_0   ; key_sync_0  ; 0.000        ; 0.080      ; 2.000      ;
; 1.745 ; counter_9999:counter_inst|q[11] ; counter_9999:counter_inst|q[11] ; key_sync_0   ; key_sync_0  ; 0.000        ; 0.080      ; 2.011      ;
; 1.820 ; counter_9999:counter_inst|q[2]  ; counter_9999:counter_inst|q[2]  ; key_sync_0   ; key_sync_0  ; 0.000        ; 0.079      ; 2.085      ;
; 1.835 ; counter_9999:counter_inst|q[5]  ; counter_9999:counter_inst|q[5]  ; key_sync_0   ; key_sync_0  ; 0.000        ; 0.079      ; 2.100      ;
; 1.843 ; counter_9999:counter_inst|q[0]  ; counter_9999:counter_inst|q[1]  ; key_sync_0   ; key_sync_0  ; 0.000        ; 0.078      ; 2.107      ;
; 1.852 ; counter_9999:counter_inst|q[2]  ; counter_9999:counter_inst|q[4]  ; key_sync_0   ; key_sync_0  ; 0.000        ; 0.080      ; 2.118      ;
; 1.858 ; counter_9999:counter_inst|q[9]  ; counter_9999:counter_inst|q[9]  ; key_sync_0   ; key_sync_0  ; 0.000        ; 0.079      ; 2.123      ;
; 1.867 ; counter_9999:counter_inst|q[10] ; counter_9999:counter_inst|q[10] ; key_sync_0   ; key_sync_0  ; 0.000        ; 0.079      ; 2.132      ;
; 1.877 ; counter_9999:counter_inst|q[0]  ; counter_9999:counter_inst|q[0]  ; key_sync_0   ; key_sync_0  ; 0.000        ; 0.079      ; 2.142      ;
; 1.885 ; counter_9999:counter_inst|q[8]  ; counter_9999:counter_inst|q[8]  ; key_sync_0   ; key_sync_0  ; 0.000        ; 0.079      ; 2.150      ;
; 1.934 ; counter_9999:counter_inst|q[3]  ; counter_9999:counter_inst|q[3]  ; key_sync_0   ; key_sync_0  ; 0.000        ; 0.079      ; 2.199      ;
; 1.945 ; counter_9999:counter_inst|q[13] ; counter_9999:counter_inst|q[13] ; key_sync_0   ; key_sync_0  ; 0.000        ; 0.079      ; 2.210      ;
; 1.976 ; counter_9999:counter_inst|q[0]  ; counter_9999:counter_inst|q[4]  ; key_sync_0   ; key_sync_0  ; 0.000        ; 0.080      ; 2.242      ;
; 1.998 ; counter_9999:counter_inst|q[9]  ; counter_9999:counter_inst|q[12] ; key_sync_0   ; key_sync_0  ; 0.000        ; 0.078      ; 2.262      ;
; 2.002 ; counter_9999:counter_inst|q[3]  ; counter_9999:counter_inst|q[4]  ; key_sync_0   ; key_sync_0  ; 0.000        ; 0.081      ; 2.269      ;
; 2.005 ; counter_9999:counter_inst|q[2]  ; counter_9999:counter_inst|q[6]  ; key_sync_0   ; key_sync_0  ; 0.000        ; 0.080      ; 2.271      ;
; 2.011 ; counter_9999:counter_inst|q[4]  ; counter_9999:counter_inst|q[11] ; key_sync_0   ; key_sync_0  ; 0.000        ; 0.080      ; 2.277      ;
; 2.012 ; counter_9999:counter_inst|q[4]  ; counter_9999:counter_inst|q[12] ; key_sync_0   ; key_sync_0  ; 0.000        ; 0.080      ; 2.278      ;
; 2.014 ; counter_9999:counter_inst|q[4]  ; counter_9999:counter_inst|q[7]  ; key_sync_0   ; key_sync_0  ; 0.000        ; 0.080      ; 2.280      ;
; 2.023 ; counter_9999:counter_inst|q[6]  ; counter_9999:counter_inst|q[7]  ; key_sync_0   ; key_sync_0  ; 0.000        ; 0.080      ; 2.289      ;
; 2.039 ; counter_9999:counter_inst|q[11] ; counter_9999:counter_inst|q[12] ; key_sync_0   ; key_sync_0  ; 0.000        ; 0.080      ; 2.305      ;
; 2.049 ; counter_9999:counter_inst|q[10] ; counter_9999:counter_inst|q[11] ; key_sync_0   ; key_sync_0  ; 0.000        ; 0.078      ; 2.313      ;
; 2.059 ; counter_9999:counter_inst|q[10] ; counter_9999:counter_inst|q[12] ; key_sync_0   ; key_sync_0  ; 0.000        ; 0.078      ; 2.323      ;
; 2.086 ; counter_9999:counter_inst|q[2]  ; counter_9999:counter_inst|q[7]  ; key_sync_0   ; key_sync_0  ; 0.000        ; 0.080      ; 2.352      ;
; 2.090 ; counter_9999:counter_inst|q[4]  ; counter_9999:counter_inst|q[6]  ; key_sync_0   ; key_sync_0  ; 0.000        ; 0.080      ; 2.356      ;
; 2.091 ; counter_9999:counter_inst|q[2]  ; counter_9999:counter_inst|q[3]  ; key_sync_0   ; key_sync_0  ; 0.000        ; 0.078      ; 2.355      ;
; 2.091 ; counter_9999:counter_inst|q[5]  ; counter_9999:counter_inst|q[11] ; key_sync_0   ; key_sync_0  ; 0.000        ; 0.078      ; 2.355      ;
; 2.092 ; counter_9999:counter_inst|q[5]  ; counter_9999:counter_inst|q[12] ; key_sync_0   ; key_sync_0  ; 0.000        ; 0.078      ; 2.356      ;
; 2.094 ; counter_9999:counter_inst|q[5]  ; counter_9999:counter_inst|q[7]  ; key_sync_0   ; key_sync_0  ; 0.000        ; 0.078      ; 2.358      ;
; 2.095 ; counter_9999:counter_inst|q[5]  ; counter_9999:counter_inst|q[4]  ; key_sync_0   ; key_sync_0  ; 0.000        ; 0.078      ; 2.359      ;
; 2.117 ; counter_9999:counter_inst|q[1]  ; counter_9999:counter_inst|q[4]  ; key_sync_0   ; key_sync_0  ; 0.000        ; 0.081      ; 2.384      ;
; 2.129 ; counter_9999:counter_inst|q[4]  ; counter_9999:counter_inst|q[5]  ; key_sync_0   ; key_sync_0  ; 0.000        ; 0.081      ; 2.396      ;
; 2.129 ; counter_9999:counter_inst|q[0]  ; counter_9999:counter_inst|q[6]  ; key_sync_0   ; key_sync_0  ; 0.000        ; 0.080      ; 2.395      ;
; 2.145 ; counter_9999:counter_inst|q[7]  ; counter_9999:counter_inst|q[8]  ; key_sync_0   ; key_sync_0  ; 0.000        ; 0.081      ; 2.412      ;
; 2.150 ; counter_9999:counter_inst|q[0]  ; counter_9999:counter_inst|q[2]  ; key_sync_0   ; key_sync_0  ; 0.000        ; 0.079      ; 2.415      ;
; 2.155 ; counter_9999:counter_inst|q[3]  ; counter_9999:counter_inst|q[6]  ; key_sync_0   ; key_sync_0  ; 0.000        ; 0.081      ; 2.422      ;
; 2.172 ; counter_9999:counter_inst|q[9]  ; counter_9999:counter_inst|q[11] ; key_sync_0   ; key_sync_0  ; 0.000        ; 0.078      ; 2.436      ;
; 2.183 ; counter_9999:counter_inst|q[5]  ; counter_9999:counter_inst|q[6]  ; key_sync_0   ; key_sync_0  ; 0.000        ; 0.078      ; 2.447      ;
; 2.185 ; counter_9999:counter_inst|q[8]  ; counter_9999:counter_inst|q[9]  ; key_sync_0   ; key_sync_0  ; 0.000        ; 0.079      ; 2.450      ;
; 2.190 ; counter_9999:counter_inst|q[10] ; counter_9999:counter_inst|q[7]  ; key_sync_0   ; key_sync_0  ; 0.000        ; 0.078      ; 2.454      ;
; 2.190 ; counter_9999:counter_inst|q[10] ; counter_9999:counter_inst|q[4]  ; key_sync_0   ; key_sync_0  ; 0.000        ; 0.078      ; 2.454      ;
; 2.192 ; counter_9999:counter_inst|q[8]  ; counter_9999:counter_inst|q[11] ; key_sync_0   ; key_sync_0  ; 0.000        ; 0.078      ; 2.456      ;
; 2.198 ; counter_9999:counter_inst|q[9]  ; counter_9999:counter_inst|q[10] ; key_sync_0   ; key_sync_0  ; 0.000        ; 0.079      ; 2.463      ;
; 2.202 ; counter_9999:counter_inst|q[8]  ; counter_9999:counter_inst|q[12] ; key_sync_0   ; key_sync_0  ; 0.000        ; 0.078      ; 2.466      ;
; 2.205 ; counter_9999:counter_inst|q[6]  ; counter_9999:counter_inst|q[8]  ; key_sync_0   ; key_sync_0  ; 0.000        ; 0.081      ; 2.472      ;
; 2.210 ; counter_9999:counter_inst|q[0]  ; counter_9999:counter_inst|q[7]  ; key_sync_0   ; key_sync_0  ; 0.000        ; 0.080      ; 2.476      ;
; 2.215 ; counter_9999:counter_inst|q[0]  ; counter_9999:counter_inst|q[3]  ; key_sync_0   ; key_sync_0  ; 0.000        ; 0.078      ; 2.479      ;
; 2.218 ; counter_9999:counter_inst|q[8]  ; counter_9999:counter_inst|q[10] ; key_sync_0   ; key_sync_0  ; 0.000        ; 0.079      ; 2.483      ;
; 2.231 ; counter_9999:counter_inst|q[12] ; counter_9999:counter_inst|q[13] ; key_sync_0   ; key_sync_0  ; 0.000        ; 0.078      ; 2.495      ;
; 2.236 ; counter_9999:counter_inst|q[3]  ; counter_9999:counter_inst|q[7]  ; key_sync_0   ; key_sync_0  ; 0.000        ; 0.081      ; 2.503      ;
; 2.236 ; counter_9999:counter_inst|q[7]  ; counter_9999:counter_inst|q[9]  ; key_sync_0   ; key_sync_0  ; 0.000        ; 0.081      ; 2.503      ;
; 2.243 ; counter_9999:counter_inst|q[7]  ; counter_9999:counter_inst|q[11] ; key_sync_0   ; key_sync_0  ; 0.000        ; 0.080      ; 2.509      ;
; 2.253 ; counter_9999:counter_inst|q[7]  ; counter_9999:counter_inst|q[12] ; key_sync_0   ; key_sync_0  ; 0.000        ; 0.080      ; 2.519      ;
; 2.269 ; counter_9999:counter_inst|q[3]  ; counter_9999:counter_inst|q[11] ; key_sync_0   ; key_sync_0  ; 0.000        ; 0.081      ; 2.536      ;
; 2.269 ; counter_9999:counter_inst|q[7]  ; counter_9999:counter_inst|q[10] ; key_sync_0   ; key_sync_0  ; 0.000        ; 0.081      ; 2.536      ;
; 2.270 ; counter_9999:counter_inst|q[1]  ; counter_9999:counter_inst|q[6]  ; key_sync_0   ; key_sync_0  ; 0.000        ; 0.081      ; 2.537      ;
; 2.272 ; counter_9999:counter_inst|q[4]  ; counter_9999:counter_inst|q[9]  ; key_sync_0   ; key_sync_0  ; 0.000        ; 0.081      ; 2.539      ;
; 2.272 ; counter_9999:counter_inst|q[4]  ; counter_9999:counter_inst|q[8]  ; key_sync_0   ; key_sync_0  ; 0.000        ; 0.081      ; 2.539      ;
; 2.273 ; counter_9999:counter_inst|q[4]  ; counter_9999:counter_inst|q[10] ; key_sync_0   ; key_sync_0  ; 0.000        ; 0.081      ; 2.540      ;
; 2.273 ; counter_9999:counter_inst|q[3]  ; counter_9999:counter_inst|q[12] ; key_sync_0   ; key_sync_0  ; 0.000        ; 0.081      ; 2.540      ;
; 2.291 ; counter_9999:counter_inst|q[1]  ; counter_9999:counter_inst|q[2]  ; key_sync_0   ; key_sync_0  ; 0.000        ; 0.080      ; 2.557      ;
; 2.293 ; counter_9999:counter_inst|q[5]  ; counter_9999:counter_inst|q[8]  ; key_sync_0   ; key_sync_0  ; 0.000        ; 0.079      ; 2.558      ;
; 2.296 ; counter_9999:counter_inst|q[6]  ; counter_9999:counter_inst|q[9]  ; key_sync_0   ; key_sync_0  ; 0.000        ; 0.081      ; 2.563      ;
; 2.299 ; counter_9999:counter_inst|q[9]  ; counter_9999:counter_inst|q[7]  ; key_sync_0   ; key_sync_0  ; 0.000        ; 0.078      ; 2.563      ;
; 2.303 ; counter_9999:counter_inst|q[6]  ; counter_9999:counter_inst|q[11] ; key_sync_0   ; key_sync_0  ; 0.000        ; 0.080      ; 2.569      ;
; 2.306 ; counter_9999:counter_inst|q[13] ; counter_9999:counter_inst|q[12] ; key_sync_0   ; key_sync_0  ; 0.000        ; 0.081      ; 2.573      ;
; 2.310 ; counter_9999:counter_inst|q[10] ; counter_9999:counter_inst|q[6]  ; key_sync_0   ; key_sync_0  ; 0.000        ; 0.078      ; 2.574      ;
; 2.313 ; counter_9999:counter_inst|q[6]  ; counter_9999:counter_inst|q[12] ; key_sync_0   ; key_sync_0  ; 0.000        ; 0.080      ; 2.579      ;
; 2.319 ; counter_9999:counter_inst|q[4]  ; counter_9999:counter_inst|q[2]  ; key_sync_0   ; key_sync_0  ; 0.000        ; 0.079      ; 2.584      ;
; 2.319 ; counter_9999:counter_inst|q[4]  ; counter_9999:counter_inst|q[0]  ; key_sync_0   ; key_sync_0  ; 0.000        ; 0.079      ; 2.584      ;
; 2.329 ; counter_9999:counter_inst|q[6]  ; counter_9999:counter_inst|q[10] ; key_sync_0   ; key_sync_0  ; 0.000        ; 0.081      ; 2.596      ;
; 2.334 ; counter_9999:counter_inst|q[4]  ; counter_9999:counter_inst|q[3]  ; key_sync_0   ; key_sync_0  ; 0.000        ; 0.078      ; 2.598      ;
; 2.334 ; counter_9999:counter_inst|q[4]  ; counter_9999:counter_inst|q[13] ; key_sync_0   ; key_sync_0  ; 0.000        ; 0.078      ; 2.598      ;
; 2.335 ; counter_9999:counter_inst|q[4]  ; counter_9999:counter_inst|q[1]  ; key_sync_0   ; key_sync_0  ; 0.000        ; 0.078      ; 2.599      ;
; 2.343 ; counter_9999:counter_inst|q[11] ; counter_9999:counter_inst|q[13] ; key_sync_0   ; key_sync_0  ; 0.000        ; 0.078      ; 2.607      ;
; 2.351 ; counter_9999:counter_inst|q[1]  ; counter_9999:counter_inst|q[7]  ; key_sync_0   ; key_sync_0  ; 0.000        ; 0.081      ; 2.618      ;
; 2.352 ; counter_9999:counter_inst|q[2]  ; counter_9999:counter_inst|q[11] ; key_sync_0   ; key_sync_0  ; 0.000        ; 0.080      ; 2.618      ;
; 2.352 ; counter_9999:counter_inst|q[5]  ; counter_9999:counter_inst|q[9]  ; key_sync_0   ; key_sync_0  ; 0.000        ; 0.079      ; 2.617      ;
; 2.353 ; counter_9999:counter_inst|q[5]  ; counter_9999:counter_inst|q[10] ; key_sync_0   ; key_sync_0  ; 0.000        ; 0.079      ; 2.618      ;
; 2.356 ; counter_9999:counter_inst|q[1]  ; counter_9999:counter_inst|q[3]  ; key_sync_0   ; key_sync_0  ; 0.000        ; 0.079      ; 2.621      ;
; 2.356 ; counter_9999:counter_inst|q[2]  ; counter_9999:counter_inst|q[12] ; key_sync_0   ; key_sync_0  ; 0.000        ; 0.080      ; 2.622      ;
; 2.363 ; counter_9999:counter_inst|q[10] ; counter_9999:counter_inst|q[13] ; key_sync_0   ; key_sync_0  ; 0.000        ; 0.076      ; 2.625      ;
; 2.374 ; counter_9999:counter_inst|q[8]  ; counter_9999:counter_inst|q[7]  ; key_sync_0   ; key_sync_0  ; 0.000        ; 0.078      ; 2.638      ;
; 2.374 ; counter_9999:counter_inst|q[8]  ; counter_9999:counter_inst|q[4]  ; key_sync_0   ; key_sync_0  ; 0.000        ; 0.078      ; 2.638      ;
; 2.377 ; counter_9999:counter_inst|q[9]  ; counter_9999:counter_inst|q[4]  ; key_sync_0   ; key_sync_0  ; 0.000        ; 0.078      ; 2.641      ;
; 2.388 ; counter_9999:counter_inst|q[9]  ; counter_9999:counter_inst|q[6]  ; key_sync_0   ; key_sync_0  ; 0.000        ; 0.078      ; 2.652      ;
; 2.399 ; counter_9999:counter_inst|q[5]  ; counter_9999:counter_inst|q[2]  ; key_sync_0   ; key_sync_0  ; 0.000        ; 0.077      ; 2.662      ;
; 2.399 ; counter_9999:counter_inst|q[5]  ; counter_9999:counter_inst|q[0]  ; key_sync_0   ; key_sync_0  ; 0.000        ; 0.077      ; 2.662      ;
; 2.414 ; counter_9999:counter_inst|q[5]  ; counter_9999:counter_inst|q[3]  ; key_sync_0   ; key_sync_0  ; 0.000        ; 0.076      ; 2.676      ;
; 2.414 ; counter_9999:counter_inst|q[5]  ; counter_9999:counter_inst|q[13] ; key_sync_0   ; key_sync_0  ; 0.000        ; 0.076      ; 2.676      ;
; 2.415 ; counter_9999:counter_inst|q[5]  ; counter_9999:counter_inst|q[1]  ; key_sync_0   ; key_sync_0  ; 0.000        ; 0.076      ; 2.677      ;
; 2.457 ; counter_9999:counter_inst|q[3]  ; counter_9999:counter_inst|q[5]  ; key_sync_0   ; key_sync_0  ; 0.000        ; 0.082      ; 2.725      ;
; 2.459 ; counter_9999:counter_inst|q[1]  ; counter_9999:counter_inst|q[11] ; key_sync_0   ; key_sync_0  ; 0.000        ; 0.081      ; 2.726      ;
; 2.463 ; counter_9999:counter_inst|q[1]  ; counter_9999:counter_inst|q[12] ; key_sync_0   ; key_sync_0  ; 0.000        ; 0.081      ; 2.730      ;
; 2.486 ; counter_9999:counter_inst|q[9]  ; counter_9999:counter_inst|q[13] ; key_sync_0   ; key_sync_0  ; 0.000        ; 0.076      ; 2.748      ;
; 2.490 ; counter_9999:counter_inst|q[10] ; counter_9999:counter_inst|q[9]  ; key_sync_0   ; key_sync_0  ; 0.000        ; 0.079      ; 2.755      ;
+-------+---------------------------------+---------------------------------+--------------+-------------+--------------+------------+------------+


-----------------------------------------------
; Slow 1200mV 85C Model Metastability Summary ;
-----------------------------------------------
No synchronizer chains to report.


+--------------------------------------------------+
; Slow 1200mV 0C Model Fmax Summary                ;
+------------+-----------------+------------+------+
; Fmax       ; Restricted Fmax ; Clock Name ; Note ;
+------------+-----------------+------------+------+
; 269.54 MHz ; 269.54 MHz      ; key_sync_0 ;      ;
+------------+-----------------+------------+------+
This panel reports FMAX for every clock in the design, regardless of the user-specified clock periods.  FMAX is only computed for paths where the source and destination registers or ports are driven by the same clock.  Paths of different clocks, including generated clocks, are ignored.  For paths between a clock and its inversion, FMAX is computed as if the rising and falling edges are scaled along with FMAX, such that the duty cycle (in terms of a percentage) is maintained. Altera recommends that you always use clock constraints and other slack reports for sign-off analysis.


+-------------------------------------+
; Slow 1200mV 0C Model Setup Summary  ;
+------------+--------+---------------+
; Clock      ; Slack  ; End Point TNS ;
+------------+--------+---------------+
; key_sync_0 ; -2.710 ; -34.490       ;
; CLOCK_50   ; -0.672 ; -0.672        ;
+------------+--------+---------------+


+------------------------------------+
; Slow 1200mV 0C Model Hold Summary  ;
+------------+-------+---------------+
; Clock      ; Slack ; End Point TNS ;
+------------+-------+---------------+
; CLOCK_50   ; 0.832 ; 0.000         ;
; key_sync_0 ; 1.536 ; 0.000         ;
+------------+-------+---------------+


-----------------------------------------
; Slow 1200mV 0C Model Recovery Summary ;
-----------------------------------------
No paths to report.


----------------------------------------
; Slow 1200mV 0C Model Removal Summary ;
----------------------------------------
No paths to report.


+--------------------------------------------------+
; Slow 1200mV 0C Model Minimum Pulse Width Summary ;
+------------+--------+----------------------------+
; Clock      ; Slack  ; End Point TNS              ;
+------------+--------+----------------------------+
; CLOCK_50   ; -3.000 ; -5.570                     ;
; key_sync_0 ; -1.285 ; -17.990                    ;
+------------+--------+----------------------------+


+--------------------------------------------------------------------------------------------------------------------------------------------------+
; Slow 1200mV 0C Model Setup: 'key_sync_0'                                                                                                         ;
+--------+---------------------------------+---------------------------------+--------------+-------------+--------------+------------+------------+
; Slack  ; From Node                       ; To Node                         ; Launch Clock ; Latch Clock ; Relationship ; Clock Skew ; Data Delay ;
+--------+---------------------------------+---------------------------------+--------------+-------------+--------------+------------+------------+
; -2.710 ; counter_9999:counter_inst|q[0]  ; counter_9999:counter_inst|q[13] ; key_sync_0   ; key_sync_0  ; 1.000        ; -0.072     ; 3.637      ;
; -2.672 ; counter_9999:counter_inst|q[11] ; counter_9999:counter_inst|q[5]  ; key_sync_0   ; key_sync_0  ; 1.000        ; -0.069     ; 3.602      ;
; -2.659 ; counter_9999:counter_inst|q[2]  ; counter_9999:counter_inst|q[13] ; key_sync_0   ; key_sync_0  ; 1.000        ; -0.072     ; 3.586      ;
; -2.633 ; counter_9999:counter_inst|q[7]  ; counter_9999:counter_inst|q[5]  ; key_sync_0   ; key_sync_0  ; 1.000        ; -0.069     ; 3.563      ;
; -2.560 ; counter_9999:counter_inst|q[1]  ; counter_9999:counter_inst|q[13] ; key_sync_0   ; key_sync_0  ; 1.000        ; -0.071     ; 3.488      ;
; -2.532 ; counter_9999:counter_inst|q[1]  ; counter_9999:counter_inst|q[10] ; key_sync_0   ; key_sync_0  ; 1.000        ; -0.068     ; 3.463      ;
; -2.507 ; counter_9999:counter_inst|q[5]  ; counter_9999:counter_inst|q[10] ; key_sync_0   ; key_sync_0  ; 1.000        ; -0.071     ; 3.435      ;
; -2.502 ; counter_9999:counter_inst|q[1]  ; counter_9999:counter_inst|q[12] ; key_sync_0   ; key_sync_0  ; 1.000        ; -0.069     ; 3.432      ;
; -2.490 ; counter_9999:counter_inst|q[6]  ; counter_9999:counter_inst|q[5]  ; key_sync_0   ; key_sync_0  ; 1.000        ; -0.069     ; 3.420      ;
; -2.477 ; counter_9999:counter_inst|q[5]  ; counter_9999:counter_inst|q[12] ; key_sync_0   ; key_sync_0  ; 1.000        ; -0.072     ; 3.404      ;
; -2.469 ; counter_9999:counter_inst|q[0]  ; counter_9999:counter_inst|q[5]  ; key_sync_0   ; key_sync_0  ; 1.000        ; -0.069     ; 3.399      ;
; -2.463 ; counter_9999:counter_inst|q[11] ; counter_9999:counter_inst|q[1]  ; key_sync_0   ; key_sync_0  ; 1.000        ; -0.072     ; 3.390      ;
; -2.462 ; counter_9999:counter_inst|q[11] ; counter_9999:counter_inst|q[3]  ; key_sync_0   ; key_sync_0  ; 1.000        ; -0.072     ; 3.389      ;
; -2.462 ; counter_9999:counter_inst|q[11] ; counter_9999:counter_inst|q[13] ; key_sync_0   ; key_sync_0  ; 1.000        ; -0.072     ; 3.389      ;
; -2.458 ; counter_9999:counter_inst|q[5]  ; counter_9999:counter_inst|q[13] ; key_sync_0   ; key_sync_0  ; 1.000        ; -0.074     ; 3.383      ;
; -2.450 ; counter_9999:counter_inst|q[11] ; counter_9999:counter_inst|q[0]  ; key_sync_0   ; key_sync_0  ; 1.000        ; -0.071     ; 3.378      ;
; -2.450 ; counter_9999:counter_inst|q[11] ; counter_9999:counter_inst|q[2]  ; key_sync_0   ; key_sync_0  ; 1.000        ; -0.071     ; 3.378      ;
; -2.449 ; counter_9999:counter_inst|q[3]  ; counter_9999:counter_inst|q[13] ; key_sync_0   ; key_sync_0  ; 1.000        ; -0.071     ; 3.377      ;
; -2.444 ; counter_9999:counter_inst|q[7]  ; counter_9999:counter_inst|q[1]  ; key_sync_0   ; key_sync_0  ; 1.000        ; -0.072     ; 3.371      ;
; -2.443 ; counter_9999:counter_inst|q[7]  ; counter_9999:counter_inst|q[3]  ; key_sync_0   ; key_sync_0  ; 1.000        ; -0.072     ; 3.370      ;
; -2.443 ; counter_9999:counter_inst|q[7]  ; counter_9999:counter_inst|q[13] ; key_sync_0   ; key_sync_0  ; 1.000        ; -0.072     ; 3.370      ;
; -2.431 ; counter_9999:counter_inst|q[7]  ; counter_9999:counter_inst|q[0]  ; key_sync_0   ; key_sync_0  ; 1.000        ; -0.071     ; 3.359      ;
; -2.431 ; counter_9999:counter_inst|q[7]  ; counter_9999:counter_inst|q[2]  ; key_sync_0   ; key_sync_0  ; 1.000        ; -0.071     ; 3.359      ;
; -2.427 ; counter_9999:counter_inst|q[0]  ; counter_9999:counter_inst|q[7]  ; key_sync_0   ; key_sync_0  ; 1.000        ; -0.070     ; 3.356      ;
; -2.427 ; counter_9999:counter_inst|q[1]  ; counter_9999:counter_inst|q[8]  ; key_sync_0   ; key_sync_0  ; 1.000        ; -0.068     ; 3.358      ;
; -2.419 ; counter_9999:counter_inst|q[3]  ; counter_9999:counter_inst|q[10] ; key_sync_0   ; key_sync_0  ; 1.000        ; -0.068     ; 3.350      ;
; -2.416 ; counter_9999:counter_inst|q[8]  ; counter_9999:counter_inst|q[5]  ; key_sync_0   ; key_sync_0  ; 1.000        ; -0.071     ; 3.344      ;
; -2.402 ; counter_9999:counter_inst|q[5]  ; counter_9999:counter_inst|q[8]  ; key_sync_0   ; key_sync_0  ; 1.000        ; -0.071     ; 3.330      ;
; -2.400 ; counter_9999:counter_inst|q[5]  ; counter_9999:counter_inst|q[9]  ; key_sync_0   ; key_sync_0  ; 1.000        ; -0.071     ; 3.328      ;
; -2.399 ; counter_9999:counter_inst|q[13] ; counter_9999:counter_inst|q[5]  ; key_sync_0   ; key_sync_0  ; 1.000        ; -0.068     ; 3.330      ;
; -2.396 ; counter_9999:counter_inst|q[1]  ; counter_9999:counter_inst|q[9]  ; key_sync_0   ; key_sync_0  ; 1.000        ; -0.068     ; 3.327      ;
; -2.393 ; counter_9999:counter_inst|q[4]  ; counter_9999:counter_inst|q[13] ; key_sync_0   ; key_sync_0  ; 1.000        ; -0.072     ; 3.320      ;
; -2.393 ; counter_9999:counter_inst|q[10] ; counter_9999:counter_inst|q[5]  ; key_sync_0   ; key_sync_0  ; 1.000        ; -0.071     ; 3.321      ;
; -2.391 ; counter_9999:counter_inst|q[11] ; counter_9999:counter_inst|q[10] ; key_sync_0   ; key_sync_0  ; 1.000        ; -0.069     ; 3.321      ;
; -2.389 ; counter_9999:counter_inst|q[11] ; counter_9999:counter_inst|q[9]  ; key_sync_0   ; key_sync_0  ; 1.000        ; -0.069     ; 3.319      ;
; -2.389 ; counter_9999:counter_inst|q[11] ; counter_9999:counter_inst|q[8]  ; key_sync_0   ; key_sync_0  ; 1.000        ; -0.069     ; 3.319      ;
; -2.389 ; counter_9999:counter_inst|q[3]  ; counter_9999:counter_inst|q[12] ; key_sync_0   ; key_sync_0  ; 1.000        ; -0.069     ; 3.319      ;
; -2.387 ; counter_9999:counter_inst|q[0]  ; counter_9999:counter_inst|q[11] ; key_sync_0   ; key_sync_0  ; 1.000        ; -0.070     ; 3.316      ;
; -2.385 ; counter_9999:counter_inst|q[1]  ; counter_9999:counter_inst|q[6]  ; key_sync_0   ; key_sync_0  ; 1.000        ; -0.069     ; 3.315      ;
; -2.376 ; counter_9999:counter_inst|q[2]  ; counter_9999:counter_inst|q[7]  ; key_sync_0   ; key_sync_0  ; 1.000        ; -0.070     ; 3.305      ;
; -2.372 ; counter_9999:counter_inst|q[7]  ; counter_9999:counter_inst|q[10] ; key_sync_0   ; key_sync_0  ; 1.000        ; -0.069     ; 3.302      ;
; -2.370 ; counter_9999:counter_inst|q[7]  ; counter_9999:counter_inst|q[9]  ; key_sync_0   ; key_sync_0  ; 1.000        ; -0.069     ; 3.300      ;
; -2.370 ; counter_9999:counter_inst|q[7]  ; counter_9999:counter_inst|q[8]  ; key_sync_0   ; key_sync_0  ; 1.000        ; -0.069     ; 3.300      ;
; -2.359 ; counter_9999:counter_inst|q[12] ; counter_9999:counter_inst|q[5]  ; key_sync_0   ; key_sync_0  ; 1.000        ; -0.069     ; 3.289      ;
; -2.354 ; counter_9999:counter_inst|q[0]  ; counter_9999:counter_inst|q[9]  ; key_sync_0   ; key_sync_0  ; 1.000        ; -0.069     ; 3.284      ;
; -2.347 ; counter_9999:counter_inst|q[13] ; counter_9999:counter_inst|q[1]  ; key_sync_0   ; key_sync_0  ; 1.000        ; -0.071     ; 3.275      ;
; -2.346 ; counter_9999:counter_inst|q[13] ; counter_9999:counter_inst|q[3]  ; key_sync_0   ; key_sync_0  ; 1.000        ; -0.071     ; 3.274      ;
; -2.346 ; counter_9999:counter_inst|q[13] ; counter_9999:counter_inst|q[13] ; key_sync_0   ; key_sync_0  ; 1.000        ; -0.071     ; 3.274      ;
; -2.342 ; counter_9999:counter_inst|q[0]  ; counter_9999:counter_inst|q[1]  ; key_sync_0   ; key_sync_0  ; 1.000        ; -0.072     ; 3.269      ;
; -2.341 ; counter_9999:counter_inst|q[0]  ; counter_9999:counter_inst|q[3]  ; key_sync_0   ; key_sync_0  ; 1.000        ; -0.072     ; 3.268      ;
; -2.338 ; counter_9999:counter_inst|q[0]  ; counter_9999:counter_inst|q[10] ; key_sync_0   ; key_sync_0  ; 1.000        ; -0.069     ; 3.268      ;
; -2.336 ; counter_9999:counter_inst|q[2]  ; counter_9999:counter_inst|q[11] ; key_sync_0   ; key_sync_0  ; 1.000        ; -0.070     ; 3.265      ;
; -2.335 ; counter_9999:counter_inst|q[4]  ; counter_9999:counter_inst|q[9]  ; key_sync_0   ; key_sync_0  ; 1.000        ; -0.069     ; 3.265      ;
; -2.334 ; counter_9999:counter_inst|q[13] ; counter_9999:counter_inst|q[0]  ; key_sync_0   ; key_sync_0  ; 1.000        ; -0.070     ; 3.263      ;
; -2.334 ; counter_9999:counter_inst|q[13] ; counter_9999:counter_inst|q[2]  ; key_sync_0   ; key_sync_0  ; 1.000        ; -0.070     ; 3.263      ;
; -2.329 ; counter_9999:counter_inst|q[0]  ; counter_9999:counter_inst|q[0]  ; key_sync_0   ; key_sync_0  ; 1.000        ; -0.071     ; 3.257      ;
; -2.329 ; counter_9999:counter_inst|q[0]  ; counter_9999:counter_inst|q[2]  ; key_sync_0   ; key_sync_0  ; 1.000        ; -0.071     ; 3.257      ;
; -2.324 ; counter_9999:counter_inst|q[0]  ; counter_9999:counter_inst|q[6]  ; key_sync_0   ; key_sync_0  ; 1.000        ; -0.070     ; 3.253      ;
; -2.321 ; counter_9999:counter_inst|q[8]  ; counter_9999:counter_inst|q[13] ; key_sync_0   ; key_sync_0  ; 1.000        ; -0.074     ; 3.246      ;
; -2.317 ; counter_9999:counter_inst|q[6]  ; counter_9999:counter_inst|q[1]  ; key_sync_0   ; key_sync_0  ; 1.000        ; -0.072     ; 3.244      ;
; -2.316 ; counter_9999:counter_inst|q[6]  ; counter_9999:counter_inst|q[3]  ; key_sync_0   ; key_sync_0  ; 1.000        ; -0.072     ; 3.243      ;
; -2.316 ; counter_9999:counter_inst|q[6]  ; counter_9999:counter_inst|q[13] ; key_sync_0   ; key_sync_0  ; 1.000        ; -0.072     ; 3.243      ;
; -2.316 ; counter_9999:counter_inst|q[0]  ; counter_9999:counter_inst|q[12] ; key_sync_0   ; key_sync_0  ; 1.000        ; -0.070     ; 3.245      ;
; -2.314 ; counter_9999:counter_inst|q[3]  ; counter_9999:counter_inst|q[8]  ; key_sync_0   ; key_sync_0  ; 1.000        ; -0.068     ; 3.245      ;
; -2.304 ; counter_9999:counter_inst|q[6]  ; counter_9999:counter_inst|q[0]  ; key_sync_0   ; key_sync_0  ; 1.000        ; -0.071     ; 3.232      ;
; -2.304 ; counter_9999:counter_inst|q[6]  ; counter_9999:counter_inst|q[2]  ; key_sync_0   ; key_sync_0  ; 1.000        ; -0.071     ; 3.232      ;
; -2.303 ; counter_9999:counter_inst|q[2]  ; counter_9999:counter_inst|q[9]  ; key_sync_0   ; key_sync_0  ; 1.000        ; -0.069     ; 3.233      ;
; -2.298 ; counter_9999:counter_inst|q[1]  ; counter_9999:counter_inst|q[5]  ; key_sync_0   ; key_sync_0  ; 1.000        ; -0.068     ; 3.229      ;
; -2.288 ; counter_9999:counter_inst|q[5]  ; counter_9999:counter_inst|q[11] ; key_sync_0   ; key_sync_0  ; 1.000        ; -0.072     ; 3.215      ;
; -2.286 ; counter_9999:counter_inst|q[11] ; counter_9999:counter_inst|q[12] ; key_sync_0   ; key_sync_0  ; 1.000        ; -0.070     ; 3.215      ;
; -2.286 ; counter_9999:counter_inst|q[3]  ; counter_9999:counter_inst|q[6]  ; key_sync_0   ; key_sync_0  ; 1.000        ; -0.069     ; 3.216      ;
; -2.284 ; counter_9999:counter_inst|q[1]  ; counter_9999:counter_inst|q[11] ; key_sync_0   ; key_sync_0  ; 1.000        ; -0.069     ; 3.214      ;
; -2.283 ; counter_9999:counter_inst|q[3]  ; counter_9999:counter_inst|q[9]  ; key_sync_0   ; key_sync_0  ; 1.000        ; -0.068     ; 3.214      ;
; -2.277 ; counter_9999:counter_inst|q[1]  ; counter_9999:counter_inst|q[7]  ; key_sync_0   ; key_sync_0  ; 1.000        ; -0.069     ; 3.207      ;
; -2.275 ; counter_9999:counter_inst|q[13] ; counter_9999:counter_inst|q[10] ; key_sync_0   ; key_sync_0  ; 1.000        ; -0.068     ; 3.206      ;
; -2.273 ; counter_9999:counter_inst|q[13] ; counter_9999:counter_inst|q[9]  ; key_sync_0   ; key_sync_0  ; 1.000        ; -0.068     ; 3.204      ;
; -2.273 ; counter_9999:counter_inst|q[13] ; counter_9999:counter_inst|q[8]  ; key_sync_0   ; key_sync_0  ; 1.000        ; -0.068     ; 3.204      ;
; -2.271 ; counter_9999:counter_inst|q[9]  ; counter_9999:counter_inst|q[10] ; key_sync_0   ; key_sync_0  ; 1.000        ; -0.071     ; 3.199      ;
; -2.268 ; counter_9999:counter_inst|q[10] ; counter_9999:counter_inst|q[13] ; key_sync_0   ; key_sync_0  ; 1.000        ; -0.074     ; 3.193      ;
; -2.268 ; counter_9999:counter_inst|q[0]  ; counter_9999:counter_inst|q[8]  ; key_sync_0   ; key_sync_0  ; 1.000        ; -0.069     ; 3.198      ;
; -2.267 ; counter_9999:counter_inst|q[2]  ; counter_9999:counter_inst|q[10] ; key_sync_0   ; key_sync_0  ; 1.000        ; -0.069     ; 3.197      ;
; -2.266 ; counter_9999:counter_inst|q[11] ; counter_9999:counter_inst|q[11] ; key_sync_0   ; key_sync_0  ; 1.000        ; -0.070     ; 3.195      ;
; -2.263 ; counter_9999:counter_inst|q[8]  ; counter_9999:counter_inst|q[9]  ; key_sync_0   ; key_sync_0  ; 1.000        ; -0.071     ; 3.191      ;
; -2.261 ; counter_9999:counter_inst|q[11] ; counter_9999:counter_inst|q[6]  ; key_sync_0   ; key_sync_0  ; 1.000        ; -0.070     ; 3.190      ;
; -2.260 ; counter_9999:counter_inst|q[4]  ; counter_9999:counter_inst|q[10] ; key_sync_0   ; key_sync_0  ; 1.000        ; -0.069     ; 3.190      ;
; -2.260 ; counter_9999:counter_inst|q[2]  ; counter_9999:counter_inst|q[6]  ; key_sync_0   ; key_sync_0  ; 1.000        ; -0.070     ; 3.189      ;
; -2.252 ; counter_9999:counter_inst|q[2]  ; counter_9999:counter_inst|q[12] ; key_sync_0   ; key_sync_0  ; 1.000        ; -0.070     ; 3.181      ;
; -2.247 ; counter_9999:counter_inst|q[7]  ; counter_9999:counter_inst|q[12] ; key_sync_0   ; key_sync_0  ; 1.000        ; -0.070     ; 3.176      ;
; -2.247 ; counter_9999:counter_inst|q[7]  ; counter_9999:counter_inst|q[11] ; key_sync_0   ; key_sync_0  ; 1.000        ; -0.070     ; 3.176      ;
; -2.245 ; counter_9999:counter_inst|q[6]  ; counter_9999:counter_inst|q[10] ; key_sync_0   ; key_sync_0  ; 1.000        ; -0.069     ; 3.175      ;
; -2.243 ; counter_9999:counter_inst|q[6]  ; counter_9999:counter_inst|q[9]  ; key_sync_0   ; key_sync_0  ; 1.000        ; -0.069     ; 3.173      ;
; -2.243 ; counter_9999:counter_inst|q[6]  ; counter_9999:counter_inst|q[8]  ; key_sync_0   ; key_sync_0  ; 1.000        ; -0.069     ; 3.173      ;
; -2.243 ; counter_9999:counter_inst|q[1]  ; counter_9999:counter_inst|q[2]  ; key_sync_0   ; key_sync_0  ; 1.000        ; -0.070     ; 3.172      ;
; -2.242 ; counter_9999:counter_inst|q[7]  ; counter_9999:counter_inst|q[6]  ; key_sync_0   ; key_sync_0  ; 1.000        ; -0.070     ; 3.171      ;
; -2.241 ; counter_9999:counter_inst|q[9]  ; counter_9999:counter_inst|q[12] ; key_sync_0   ; key_sync_0  ; 1.000        ; -0.072     ; 3.168      ;
; -2.230 ; counter_9999:counter_inst|q[4]  ; counter_9999:counter_inst|q[12] ; key_sync_0   ; key_sync_0  ; 1.000        ; -0.070     ; 3.159      ;
; -2.223 ; counter_9999:counter_inst|q[11] ; counter_9999:counter_inst|q[4]  ; key_sync_0   ; key_sync_0  ; 1.000        ; -0.070     ; 3.152      ;
; -2.223 ; counter_9999:counter_inst|q[4]  ; counter_9999:counter_inst|q[11] ; key_sync_0   ; key_sync_0  ; 1.000        ; -0.070     ; 3.152      ;
; -2.215 ; counter_9999:counter_inst|q[9]  ; counter_9999:counter_inst|q[13] ; key_sync_0   ; key_sync_0  ; 1.000        ; -0.074     ; 3.140      ;
; -2.208 ; counter_9999:counter_inst|q[2]  ; counter_9999:counter_inst|q[5]  ; key_sync_0   ; key_sync_0  ; 1.000        ; -0.069     ; 3.138      ;
+--------+---------------------------------+---------------------------------+--------------+-------------+--------------+------------+------------+


+--------------------------------------------------------------------------------------------------------+
; Slow 1200mV 0C Model Setup: 'CLOCK_50'                                                                 ;
+--------+------------+------------+--------------+-------------+--------------+------------+------------+
; Slack  ; From Node  ; To Node    ; Launch Clock ; Latch Clock ; Relationship ; Clock Skew ; Data Delay ;
+--------+------------+------------+--------------+-------------+--------------+------------+------------+
; -0.672 ; key_sync_0 ; key_sync_1 ; key_sync_0   ; CLOCK_50    ; 0.500        ; 1.565      ; 2.939      ;
; -0.208 ; key_sync_0 ; key_sync_1 ; key_sync_0   ; CLOCK_50    ; 1.000        ; 1.565      ; 2.975      ;
+--------+------------+------------+--------------+-------------+--------------+------------+------------+


+-------------------------------------------------------------------------------------------------------+
; Slow 1200mV 0C Model Hold: 'CLOCK_50'                                                                 ;
+-------+------------+------------+--------------+-------------+--------------+------------+------------+
; Slack ; From Node  ; To Node    ; Launch Clock ; Latch Clock ; Relationship ; Clock Skew ; Data Delay ;
+-------+------------+------------+--------------+-------------+--------------+------------+------------+
; 0.832 ; key_sync_0 ; key_sync_1 ; key_sync_0   ; CLOCK_50    ; 0.000        ; 1.619      ; 2.865      ;
; 1.296 ; key_sync_0 ; key_sync_1 ; key_sync_0   ; CLOCK_50    ; -0.500       ; 1.619      ; 2.829      ;
+-------+------------+------------+--------------+-------------+--------------+------------+------------+


+-------------------------------------------------------------------------------------------------------------------------------------------------+
; Slow 1200mV 0C Model Hold: 'key_sync_0'                                                                                                         ;
+-------+---------------------------------+---------------------------------+--------------+-------------+--------------+------------+------------+
; Slack ; From Node                       ; To Node                         ; Launch Clock ; Latch Clock ; Relationship ; Clock Skew ; Data Delay ;
+-------+---------------------------------+---------------------------------+--------------+-------------+--------------+------------+------------+
; 1.536 ; counter_9999:counter_inst|q[1]  ; counter_9999:counter_inst|q[1]  ; key_sync_0   ; key_sync_0  ; 0.000        ; 0.071      ; 1.778      ;
; 1.540 ; counter_9999:counter_inst|q[12] ; counter_9999:counter_inst|q[12] ; key_sync_0   ; key_sync_0  ; 0.000        ; 0.070      ; 1.781      ;
; 1.546 ; counter_9999:counter_inst|q[7]  ; counter_9999:counter_inst|q[7]  ; key_sync_0   ; key_sync_0  ; 0.000        ; 0.070      ; 1.787      ;
; 1.548 ; counter_9999:counter_inst|q[4]  ; counter_9999:counter_inst|q[4]  ; key_sync_0   ; key_sync_0  ; 0.000        ; 0.070      ; 1.789      ;
; 1.554 ; counter_9999:counter_inst|q[6]  ; counter_9999:counter_inst|q[6]  ; key_sync_0   ; key_sync_0  ; 0.000        ; 0.070      ; 1.795      ;
; 1.563 ; counter_9999:counter_inst|q[11] ; counter_9999:counter_inst|q[11] ; key_sync_0   ; key_sync_0  ; 0.000        ; 0.070      ; 1.804      ;
; 1.640 ; counter_9999:counter_inst|q[2]  ; counter_9999:counter_inst|q[2]  ; key_sync_0   ; key_sync_0  ; 0.000        ; 0.071      ; 1.882      ;
; 1.653 ; counter_9999:counter_inst|q[0]  ; counter_9999:counter_inst|q[1]  ; key_sync_0   ; key_sync_0  ; 0.000        ; 0.070      ; 1.894      ;
; 1.654 ; counter_9999:counter_inst|q[5]  ; counter_9999:counter_inst|q[5]  ; key_sync_0   ; key_sync_0  ; 0.000        ; 0.071      ; 1.896      ;
; 1.663 ; counter_9999:counter_inst|q[2]  ; counter_9999:counter_inst|q[4]  ; key_sync_0   ; key_sync_0  ; 0.000        ; 0.071      ; 1.905      ;
; 1.688 ; counter_9999:counter_inst|q[0]  ; counter_9999:counter_inst|q[0]  ; key_sync_0   ; key_sync_0  ; 0.000        ; 0.071      ; 1.930      ;
; 1.694 ; counter_9999:counter_inst|q[9]  ; counter_9999:counter_inst|q[9]  ; key_sync_0   ; key_sync_0  ; 0.000        ; 0.071      ; 1.936      ;
; 1.714 ; counter_9999:counter_inst|q[10] ; counter_9999:counter_inst|q[10] ; key_sync_0   ; key_sync_0  ; 0.000        ; 0.071      ; 1.956      ;
; 1.725 ; counter_9999:counter_inst|q[8]  ; counter_9999:counter_inst|q[8]  ; key_sync_0   ; key_sync_0  ; 0.000        ; 0.071      ; 1.967      ;
; 1.760 ; counter_9999:counter_inst|q[13] ; counter_9999:counter_inst|q[13] ; key_sync_0   ; key_sync_0  ; 0.000        ; 0.071      ; 2.002      ;
; 1.766 ; counter_9999:counter_inst|q[3]  ; counter_9999:counter_inst|q[3]  ; key_sync_0   ; key_sync_0  ; 0.000        ; 0.071      ; 2.008      ;
; 1.770 ; counter_9999:counter_inst|q[0]  ; counter_9999:counter_inst|q[4]  ; key_sync_0   ; key_sync_0  ; 0.000        ; 0.071      ; 2.012      ;
; 1.796 ; counter_9999:counter_inst|q[2]  ; counter_9999:counter_inst|q[6]  ; key_sync_0   ; key_sync_0  ; 0.000        ; 0.071      ; 2.038      ;
; 1.810 ; counter_9999:counter_inst|q[3]  ; counter_9999:counter_inst|q[4]  ; key_sync_0   ; key_sync_0  ; 0.000        ; 0.072      ; 2.053      ;
; 1.824 ; counter_9999:counter_inst|q[6]  ; counter_9999:counter_inst|q[7]  ; key_sync_0   ; key_sync_0  ; 0.000        ; 0.070      ; 2.065      ;
; 1.829 ; counter_9999:counter_inst|q[9]  ; counter_9999:counter_inst|q[12] ; key_sync_0   ; key_sync_0  ; 0.000        ; 0.069      ; 2.069      ;
; 1.834 ; counter_9999:counter_inst|q[4]  ; counter_9999:counter_inst|q[12] ; key_sync_0   ; key_sync_0  ; 0.000        ; 0.070      ; 2.075      ;
; 1.838 ; counter_9999:counter_inst|q[4]  ; counter_9999:counter_inst|q[7]  ; key_sync_0   ; key_sync_0  ; 0.000        ; 0.070      ; 2.079      ;
; 1.845 ; counter_9999:counter_inst|q[11] ; counter_9999:counter_inst|q[12] ; key_sync_0   ; key_sync_0  ; 0.000        ; 0.070      ; 2.086      ;
; 1.846 ; counter_9999:counter_inst|q[4]  ; counter_9999:counter_inst|q[11] ; key_sync_0   ; key_sync_0  ; 0.000        ; 0.070      ; 2.087      ;
; 1.849 ; counter_9999:counter_inst|q[10] ; counter_9999:counter_inst|q[11] ; key_sync_0   ; key_sync_0  ; 0.000        ; 0.069      ; 2.089      ;
; 1.857 ; counter_9999:counter_inst|q[10] ; counter_9999:counter_inst|q[12] ; key_sync_0   ; key_sync_0  ; 0.000        ; 0.069      ; 2.097      ;
; 1.867 ; counter_9999:counter_inst|q[2]  ; counter_9999:counter_inst|q[7]  ; key_sync_0   ; key_sync_0  ; 0.000        ; 0.071      ; 2.109      ;
; 1.874 ; counter_9999:counter_inst|q[2]  ; counter_9999:counter_inst|q[3]  ; key_sync_0   ; key_sync_0  ; 0.000        ; 0.070      ; 2.115      ;
; 1.892 ; counter_9999:counter_inst|q[4]  ; counter_9999:counter_inst|q[6]  ; key_sync_0   ; key_sync_0  ; 0.000        ; 0.070      ; 2.133      ;
; 1.903 ; counter_9999:counter_inst|q[0]  ; counter_9999:counter_inst|q[6]  ; key_sync_0   ; key_sync_0  ; 0.000        ; 0.071      ; 2.145      ;
; 1.910 ; counter_9999:counter_inst|q[1]  ; counter_9999:counter_inst|q[4]  ; key_sync_0   ; key_sync_0  ; 0.000        ; 0.072      ; 2.153      ;
; 1.917 ; counter_9999:counter_inst|q[5]  ; counter_9999:counter_inst|q[11] ; key_sync_0   ; key_sync_0  ; 0.000        ; 0.069      ; 2.157      ;
; 1.919 ; counter_9999:counter_inst|q[5]  ; counter_9999:counter_inst|q[12] ; key_sync_0   ; key_sync_0  ; 0.000        ; 0.069      ; 2.159      ;
; 1.919 ; counter_9999:counter_inst|q[5]  ; counter_9999:counter_inst|q[7]  ; key_sync_0   ; key_sync_0  ; 0.000        ; 0.069      ; 2.159      ;
; 1.921 ; counter_9999:counter_inst|q[5]  ; counter_9999:counter_inst|q[4]  ; key_sync_0   ; key_sync_0  ; 0.000        ; 0.069      ; 2.161      ;
; 1.926 ; counter_9999:counter_inst|q[4]  ; counter_9999:counter_inst|q[5]  ; key_sync_0   ; key_sync_0  ; 0.000        ; 0.072      ; 2.169      ;
; 1.932 ; counter_9999:counter_inst|q[0]  ; counter_9999:counter_inst|q[2]  ; key_sync_0   ; key_sync_0  ; 0.000        ; 0.071      ; 2.174      ;
; 1.943 ; counter_9999:counter_inst|q[3]  ; counter_9999:counter_inst|q[6]  ; key_sync_0   ; key_sync_0  ; 0.000        ; 0.072      ; 2.186      ;
; 1.948 ; counter_9999:counter_inst|q[9]  ; counter_9999:counter_inst|q[11] ; key_sync_0   ; key_sync_0  ; 0.000        ; 0.069      ; 2.188      ;
; 1.965 ; counter_9999:counter_inst|q[7]  ; counter_9999:counter_inst|q[8]  ; key_sync_0   ; key_sync_0  ; 0.000        ; 0.072      ; 2.208      ;
; 1.974 ; counter_9999:counter_inst|q[0]  ; counter_9999:counter_inst|q[7]  ; key_sync_0   ; key_sync_0  ; 0.000        ; 0.071      ; 2.216      ;
; 1.975 ; counter_9999:counter_inst|q[8]  ; counter_9999:counter_inst|q[11] ; key_sync_0   ; key_sync_0  ; 0.000        ; 0.069      ; 2.215      ;
; 1.978 ; counter_9999:counter_inst|q[8]  ; counter_9999:counter_inst|q[9]  ; key_sync_0   ; key_sync_0  ; 0.000        ; 0.071      ; 2.220      ;
; 1.981 ; counter_9999:counter_inst|q[0]  ; counter_9999:counter_inst|q[3]  ; key_sync_0   ; key_sync_0  ; 0.000        ; 0.070      ; 2.222      ;
; 1.987 ; counter_9999:counter_inst|q[8]  ; counter_9999:counter_inst|q[12] ; key_sync_0   ; key_sync_0  ; 0.000        ; 0.069      ; 2.227      ;
; 2.001 ; counter_9999:counter_inst|q[3]  ; counter_9999:counter_inst|q[7]  ; key_sync_0   ; key_sync_0  ; 0.000        ; 0.072      ; 2.244      ;
; 2.003 ; counter_9999:counter_inst|q[12] ; counter_9999:counter_inst|q[13] ; key_sync_0   ; key_sync_0  ; 0.000        ; 0.069      ; 2.243      ;
; 2.004 ; counter_9999:counter_inst|q[5]  ; counter_9999:counter_inst|q[6]  ; key_sync_0   ; key_sync_0  ; 0.000        ; 0.069      ; 2.244      ;
; 2.016 ; counter_9999:counter_inst|q[9]  ; counter_9999:counter_inst|q[10] ; key_sync_0   ; key_sync_0  ; 0.000        ; 0.071      ; 2.258      ;
; 2.019 ; counter_9999:counter_inst|q[10] ; counter_9999:counter_inst|q[4]  ; key_sync_0   ; key_sync_0  ; 0.000        ; 0.069      ; 2.259      ;
; 2.019 ; counter_9999:counter_inst|q[6]  ; counter_9999:counter_inst|q[8]  ; key_sync_0   ; key_sync_0  ; 0.000        ; 0.072      ; 2.262      ;
; 2.019 ; counter_9999:counter_inst|q[7]  ; counter_9999:counter_inst|q[11] ; key_sync_0   ; key_sync_0  ; 0.000        ; 0.070      ; 2.260      ;
; 2.020 ; counter_9999:counter_inst|q[10] ; counter_9999:counter_inst|q[7]  ; key_sync_0   ; key_sync_0  ; 0.000        ; 0.069      ; 2.260      ;
; 2.022 ; counter_9999:counter_inst|q[7]  ; counter_9999:counter_inst|q[9]  ; key_sync_0   ; key_sync_0  ; 0.000        ; 0.072      ; 2.265      ;
; 2.029 ; counter_9999:counter_inst|q[7]  ; counter_9999:counter_inst|q[12] ; key_sync_0   ; key_sync_0  ; 0.000        ; 0.070      ; 2.270      ;
; 2.031 ; counter_9999:counter_inst|q[8]  ; counter_9999:counter_inst|q[10] ; key_sync_0   ; key_sync_0  ; 0.000        ; 0.071      ; 2.273      ;
; 2.043 ; counter_9999:counter_inst|q[1]  ; counter_9999:counter_inst|q[6]  ; key_sync_0   ; key_sync_0  ; 0.000        ; 0.072      ; 2.286      ;
; 2.056 ; counter_9999:counter_inst|q[4]  ; counter_9999:counter_inst|q[9]  ; key_sync_0   ; key_sync_0  ; 0.000        ; 0.072      ; 2.299      ;
; 2.056 ; counter_9999:counter_inst|q[4]  ; counter_9999:counter_inst|q[8]  ; key_sync_0   ; key_sync_0  ; 0.000        ; 0.072      ; 2.299      ;
; 2.057 ; counter_9999:counter_inst|q[4]  ; counter_9999:counter_inst|q[10] ; key_sync_0   ; key_sync_0  ; 0.000        ; 0.072      ; 2.300      ;
; 2.062 ; counter_9999:counter_inst|q[3]  ; counter_9999:counter_inst|q[12] ; key_sync_0   ; key_sync_0  ; 0.000        ; 0.072      ; 2.305      ;
; 2.064 ; counter_9999:counter_inst|q[3]  ; counter_9999:counter_inst|q[11] ; key_sync_0   ; key_sync_0  ; 0.000        ; 0.072      ; 2.307      ;
; 2.072 ; counter_9999:counter_inst|q[1]  ; counter_9999:counter_inst|q[2]  ; key_sync_0   ; key_sync_0  ; 0.000        ; 0.072      ; 2.315      ;
; 2.073 ; counter_9999:counter_inst|q[7]  ; counter_9999:counter_inst|q[10] ; key_sync_0   ; key_sync_0  ; 0.000        ; 0.072      ; 2.316      ;
; 2.075 ; counter_9999:counter_inst|q[6]  ; counter_9999:counter_inst|q[11] ; key_sync_0   ; key_sync_0  ; 0.000        ; 0.070      ; 2.316      ;
; 2.078 ; counter_9999:counter_inst|q[6]  ; counter_9999:counter_inst|q[9]  ; key_sync_0   ; key_sync_0  ; 0.000        ; 0.072      ; 2.321      ;
; 2.083 ; counter_9999:counter_inst|q[6]  ; counter_9999:counter_inst|q[12] ; key_sync_0   ; key_sync_0  ; 0.000        ; 0.070      ; 2.324      ;
; 2.087 ; counter_9999:counter_inst|q[11] ; counter_9999:counter_inst|q[13] ; key_sync_0   ; key_sync_0  ; 0.000        ; 0.069      ; 2.327      ;
; 2.097 ; counter_9999:counter_inst|q[9]  ; counter_9999:counter_inst|q[7]  ; key_sync_0   ; key_sync_0  ; 0.000        ; 0.069      ; 2.337      ;
; 2.099 ; counter_9999:counter_inst|q[5]  ; counter_9999:counter_inst|q[8]  ; key_sync_0   ; key_sync_0  ; 0.000        ; 0.071      ; 2.341      ;
; 2.101 ; counter_9999:counter_inst|q[4]  ; counter_9999:counter_inst|q[2]  ; key_sync_0   ; key_sync_0  ; 0.000        ; 0.070      ; 2.342      ;
; 2.101 ; counter_9999:counter_inst|q[4]  ; counter_9999:counter_inst|q[0]  ; key_sync_0   ; key_sync_0  ; 0.000        ; 0.070      ; 2.342      ;
; 2.109 ; counter_9999:counter_inst|q[1]  ; counter_9999:counter_inst|q[7]  ; key_sync_0   ; key_sync_0  ; 0.000        ; 0.072      ; 2.352      ;
; 2.114 ; counter_9999:counter_inst|q[4]  ; counter_9999:counter_inst|q[13] ; key_sync_0   ; key_sync_0  ; 0.000        ; 0.069      ; 2.354      ;
; 2.115 ; counter_9999:counter_inst|q[4]  ; counter_9999:counter_inst|q[3]  ; key_sync_0   ; key_sync_0  ; 0.000        ; 0.069      ; 2.355      ;
; 2.116 ; counter_9999:counter_inst|q[4]  ; counter_9999:counter_inst|q[1]  ; key_sync_0   ; key_sync_0  ; 0.000        ; 0.069      ; 2.356      ;
; 2.116 ; counter_9999:counter_inst|q[13] ; counter_9999:counter_inst|q[12] ; key_sync_0   ; key_sync_0  ; 0.000        ; 0.072      ; 2.359      ;
; 2.116 ; counter_9999:counter_inst|q[1]  ; counter_9999:counter_inst|q[3]  ; key_sync_0   ; key_sync_0  ; 0.000        ; 0.071      ; 2.358      ;
; 2.118 ; counter_9999:counter_inst|q[10] ; counter_9999:counter_inst|q[6]  ; key_sync_0   ; key_sync_0  ; 0.000        ; 0.069      ; 2.358      ;
; 2.126 ; counter_9999:counter_inst|q[10] ; counter_9999:counter_inst|q[13] ; key_sync_0   ; key_sync_0  ; 0.000        ; 0.068      ; 2.365      ;
; 2.127 ; counter_9999:counter_inst|q[6]  ; counter_9999:counter_inst|q[10] ; key_sync_0   ; key_sync_0  ; 0.000        ; 0.072      ; 2.370      ;
; 2.133 ; counter_9999:counter_inst|q[5]  ; counter_9999:counter_inst|q[9]  ; key_sync_0   ; key_sync_0  ; 0.000        ; 0.071      ; 2.375      ;
; 2.147 ; counter_9999:counter_inst|q[5]  ; counter_9999:counter_inst|q[10] ; key_sync_0   ; key_sync_0  ; 0.000        ; 0.071      ; 2.389      ;
; 2.147 ; counter_9999:counter_inst|q[2]  ; counter_9999:counter_inst|q[12] ; key_sync_0   ; key_sync_0  ; 0.000        ; 0.071      ; 2.389      ;
; 2.149 ; counter_9999:counter_inst|q[2]  ; counter_9999:counter_inst|q[11] ; key_sync_0   ; key_sync_0  ; 0.000        ; 0.071      ; 2.391      ;
; 2.175 ; counter_9999:counter_inst|q[9]  ; counter_9999:counter_inst|q[4]  ; key_sync_0   ; key_sync_0  ; 0.000        ; 0.069      ; 2.415      ;
; 2.176 ; counter_9999:counter_inst|q[9]  ; counter_9999:counter_inst|q[6]  ; key_sync_0   ; key_sync_0  ; 0.000        ; 0.069      ; 2.416      ;
; 2.191 ; counter_9999:counter_inst|q[5]  ; counter_9999:counter_inst|q[2]  ; key_sync_0   ; key_sync_0  ; 0.000        ; 0.069      ; 2.431      ;
; 2.191 ; counter_9999:counter_inst|q[5]  ; counter_9999:counter_inst|q[0]  ; key_sync_0   ; key_sync_0  ; 0.000        ; 0.069      ; 2.431      ;
; 2.198 ; counter_9999:counter_inst|q[8]  ; counter_9999:counter_inst|q[4]  ; key_sync_0   ; key_sync_0  ; 0.000        ; 0.069      ; 2.438      ;
; 2.199 ; counter_9999:counter_inst|q[8]  ; counter_9999:counter_inst|q[7]  ; key_sync_0   ; key_sync_0  ; 0.000        ; 0.069      ; 2.439      ;
; 2.204 ; counter_9999:counter_inst|q[3]  ; counter_9999:counter_inst|q[5]  ; key_sync_0   ; key_sync_0  ; 0.000        ; 0.074      ; 2.449      ;
; 2.204 ; counter_9999:counter_inst|q[5]  ; counter_9999:counter_inst|q[13] ; key_sync_0   ; key_sync_0  ; 0.000        ; 0.068      ; 2.443      ;
; 2.205 ; counter_9999:counter_inst|q[5]  ; counter_9999:counter_inst|q[3]  ; key_sync_0   ; key_sync_0  ; 0.000        ; 0.068      ; 2.444      ;
; 2.206 ; counter_9999:counter_inst|q[5]  ; counter_9999:counter_inst|q[1]  ; key_sync_0   ; key_sync_0  ; 0.000        ; 0.068      ; 2.445      ;
; 2.225 ; counter_9999:counter_inst|q[9]  ; counter_9999:counter_inst|q[13] ; key_sync_0   ; key_sync_0  ; 0.000        ; 0.068      ; 2.464      ;
; 2.238 ; counter_9999:counter_inst|q[10] ; counter_9999:counter_inst|q[9]  ; key_sync_0   ; key_sync_0  ; 0.000        ; 0.071      ; 2.480      ;
; 2.238 ; counter_9999:counter_inst|q[10] ; counter_9999:counter_inst|q[8]  ; key_sync_0   ; key_sync_0  ; 0.000        ; 0.071      ; 2.480      ;
; 2.239 ; counter_9999:counter_inst|q[10] ; counter_9999:counter_inst|q[5]  ; key_sync_0   ; key_sync_0  ; 0.000        ; 0.071      ; 2.481      ;
+-------+---------------------------------+---------------------------------+--------------+-------------+--------------+------------+------------+


----------------------------------------------
; Slow 1200mV 0C Model Metastability Summary ;
----------------------------------------------
No synchronizer chains to report.


+-------------------------------------+
; Fast 1200mV 0C Model Setup Summary  ;
+------------+--------+---------------+
; Clock      ; Slack  ; End Point TNS ;
+------------+--------+---------------+
; key_sync_0 ; -0.972 ; -11.821       ;
; CLOCK_50   ; -0.327 ; -0.327        ;
+------------+--------+---------------+


+------------------------------------+
; Fast 1200mV 0C Model Hold Summary  ;
+------------+-------+---------------+
; Clock      ; Slack ; End Point TNS ;
+------------+-------+---------------+
; CLOCK_50   ; 0.406 ; 0.000         ;
; key_sync_0 ; 0.754 ; 0.000         ;
+------------+-------+---------------+


-----------------------------------------
; Fast 1200mV 0C Model Recovery Summary ;
-----------------------------------------
No paths to report.


----------------------------------------
; Fast 1200mV 0C Model Removal Summary ;
----------------------------------------
No paths to report.


+--------------------------------------------------+
; Fast 1200mV 0C Model Minimum Pulse Width Summary ;
+------------+--------+----------------------------+
; Clock      ; Slack  ; End Point TNS              ;
+------------+--------+----------------------------+
; CLOCK_50   ; -3.000 ; -5.086                     ;
; key_sync_0 ; -1.000 ; -14.000                    ;
+------------+--------+----------------------------+


+--------------------------------------------------------------------------------------------------------------------------------------------------+
; Fast 1200mV 0C Model Setup: 'key_sync_0'                                                                                                         ;
+--------+---------------------------------+---------------------------------+--------------+-------------+--------------+------------+------------+
; Slack  ; From Node                       ; To Node                         ; Launch Clock ; Latch Clock ; Relationship ; Clock Skew ; Data Delay ;
+--------+---------------------------------+---------------------------------+--------------+-------------+--------------+------------+------------+
; -0.972 ; counter_9999:counter_inst|q[1]  ; counter_9999:counter_inst|q[13] ; key_sync_0   ; key_sync_0  ; 1.000        ; -0.041     ; 1.918      ;
; -0.953 ; counter_9999:counter_inst|q[0]  ; counter_9999:counter_inst|q[13] ; key_sync_0   ; key_sync_0  ; 1.000        ; -0.041     ; 1.899      ;
; -0.927 ; counter_9999:counter_inst|q[11] ; counter_9999:counter_inst|q[5]  ; key_sync_0   ; key_sync_0  ; 1.000        ; -0.039     ; 1.875      ;
; -0.925 ; counter_9999:counter_inst|q[1]  ; counter_9999:counter_inst|q[10] ; key_sync_0   ; key_sync_0  ; 1.000        ; -0.039     ; 1.873      ;
; -0.917 ; counter_9999:counter_inst|q[5]  ; counter_9999:counter_inst|q[10] ; key_sync_0   ; key_sync_0  ; 1.000        ; -0.040     ; 1.864      ;
; -0.915 ; counter_9999:counter_inst|q[3]  ; counter_9999:counter_inst|q[13] ; key_sync_0   ; key_sync_0  ; 1.000        ; -0.041     ; 1.861      ;
; -0.915 ; counter_9999:counter_inst|q[7]  ; counter_9999:counter_inst|q[5]  ; key_sync_0   ; key_sync_0  ; 1.000        ; -0.039     ; 1.863      ;
; -0.908 ; counter_9999:counter_inst|q[5]  ; counter_9999:counter_inst|q[13] ; key_sync_0   ; key_sync_0  ; 1.000        ; -0.042     ; 1.853      ;
; -0.905 ; counter_9999:counter_inst|q[1]  ; counter_9999:counter_inst|q[12] ; key_sync_0   ; key_sync_0  ; 1.000        ; -0.040     ; 1.852      ;
; -0.905 ; counter_9999:counter_inst|q[2]  ; counter_9999:counter_inst|q[13] ; key_sync_0   ; key_sync_0  ; 1.000        ; -0.041     ; 1.851      ;
; -0.897 ; counter_9999:counter_inst|q[5]  ; counter_9999:counter_inst|q[12] ; key_sync_0   ; key_sync_0  ; 1.000        ; -0.041     ; 1.843      ;
; -0.886 ; counter_9999:counter_inst|q[1]  ; counter_9999:counter_inst|q[9]  ; key_sync_0   ; key_sync_0  ; 1.000        ; -0.039     ; 1.834      ;
; -0.878 ; counter_9999:counter_inst|q[5]  ; counter_9999:counter_inst|q[9]  ; key_sync_0   ; key_sync_0  ; 1.000        ; -0.040     ; 1.825      ;
; -0.868 ; counter_9999:counter_inst|q[0]  ; counter_9999:counter_inst|q[5]  ; key_sync_0   ; key_sync_0  ; 1.000        ; -0.039     ; 1.816      ;
; -0.864 ; counter_9999:counter_inst|q[1]  ; counter_9999:counter_inst|q[8]  ; key_sync_0   ; key_sync_0  ; 1.000        ; -0.039     ; 1.812      ;
; -0.858 ; counter_9999:counter_inst|q[3]  ; counter_9999:counter_inst|q[10] ; key_sync_0   ; key_sync_0  ; 1.000        ; -0.039     ; 1.806      ;
; -0.856 ; counter_9999:counter_inst|q[5]  ; counter_9999:counter_inst|q[8]  ; key_sync_0   ; key_sync_0  ; 1.000        ; -0.040     ; 1.803      ;
; -0.839 ; counter_9999:counter_inst|q[6]  ; counter_9999:counter_inst|q[5]  ; key_sync_0   ; key_sync_0  ; 1.000        ; -0.039     ; 1.787      ;
; -0.838 ; counter_9999:counter_inst|q[3]  ; counter_9999:counter_inst|q[12] ; key_sync_0   ; key_sync_0  ; 1.000        ; -0.040     ; 1.785      ;
; -0.835 ; counter_9999:counter_inst|q[1]  ; counter_9999:counter_inst|q[6]  ; key_sync_0   ; key_sync_0  ; 1.000        ; -0.040     ; 1.782      ;
; -0.828 ; counter_9999:counter_inst|q[8]  ; counter_9999:counter_inst|q[5]  ; key_sync_0   ; key_sync_0  ; 1.000        ; -0.040     ; 1.775      ;
; -0.826 ; counter_9999:counter_inst|q[1]  ; counter_9999:counter_inst|q[11] ; key_sync_0   ; key_sync_0  ; 1.000        ; -0.040     ; 1.773      ;
; -0.826 ; counter_9999:counter_inst|q[10] ; counter_9999:counter_inst|q[5]  ; key_sync_0   ; key_sync_0  ; 1.000        ; -0.040     ; 1.773      ;
; -0.824 ; counter_9999:counter_inst|q[13] ; counter_9999:counter_inst|q[5]  ; key_sync_0   ; key_sync_0  ; 1.000        ; -0.039     ; 1.772      ;
; -0.819 ; counter_9999:counter_inst|q[3]  ; counter_9999:counter_inst|q[9]  ; key_sync_0   ; key_sync_0  ; 1.000        ; -0.039     ; 1.767      ;
; -0.818 ; counter_9999:counter_inst|q[5]  ; counter_9999:counter_inst|q[11] ; key_sync_0   ; key_sync_0  ; 1.000        ; -0.041     ; 1.764      ;
; -0.816 ; counter_9999:counter_inst|q[0]  ; counter_9999:counter_inst|q[10] ; key_sync_0   ; key_sync_0  ; 1.000        ; -0.039     ; 1.764      ;
; -0.815 ; counter_9999:counter_inst|q[1]  ; counter_9999:counter_inst|q[7]  ; key_sync_0   ; key_sync_0  ; 1.000        ; -0.040     ; 1.762      ;
; -0.806 ; counter_9999:counter_inst|q[0]  ; counter_9999:counter_inst|q[12] ; key_sync_0   ; key_sync_0  ; 1.000        ; -0.040     ; 1.753      ;
; -0.799 ; counter_9999:counter_inst|q[0]  ; counter_9999:counter_inst|q[9]  ; key_sync_0   ; key_sync_0  ; 1.000        ; -0.039     ; 1.747      ;
; -0.798 ; counter_9999:counter_inst|q[0]  ; counter_9999:counter_inst|q[1]  ; key_sync_0   ; key_sync_0  ; 1.000        ; -0.041     ; 1.744      ;
; -0.797 ; counter_9999:counter_inst|q[0]  ; counter_9999:counter_inst|q[3]  ; key_sync_0   ; key_sync_0  ; 1.000        ; -0.041     ; 1.743      ;
; -0.797 ; counter_9999:counter_inst|q[3]  ; counter_9999:counter_inst|q[8]  ; key_sync_0   ; key_sync_0  ; 1.000        ; -0.039     ; 1.745      ;
; -0.796 ; counter_9999:counter_inst|q[0]  ; counter_9999:counter_inst|q[7]  ; key_sync_0   ; key_sync_0  ; 1.000        ; -0.040     ; 1.743      ;
; -0.792 ; counter_9999:counter_inst|q[0]  ; counter_9999:counter_inst|q[6]  ; key_sync_0   ; key_sync_0  ; 1.000        ; -0.040     ; 1.739      ;
; -0.785 ; counter_9999:counter_inst|q[0]  ; counter_9999:counter_inst|q[0]  ; key_sync_0   ; key_sync_0  ; 1.000        ; -0.040     ; 1.732      ;
; -0.785 ; counter_9999:counter_inst|q[0]  ; counter_9999:counter_inst|q[2]  ; key_sync_0   ; key_sync_0  ; 1.000        ; -0.040     ; 1.732      ;
; -0.784 ; counter_9999:counter_inst|q[11] ; counter_9999:counter_inst|q[1]  ; key_sync_0   ; key_sync_0  ; 1.000        ; -0.041     ; 1.730      ;
; -0.783 ; counter_9999:counter_inst|q[11] ; counter_9999:counter_inst|q[3]  ; key_sync_0   ; key_sync_0  ; 1.000        ; -0.041     ; 1.729      ;
; -0.782 ; counter_9999:counter_inst|q[11] ; counter_9999:counter_inst|q[13] ; key_sync_0   ; key_sync_0  ; 1.000        ; -0.041     ; 1.728      ;
; -0.779 ; counter_9999:counter_inst|q[12] ; counter_9999:counter_inst|q[5]  ; key_sync_0   ; key_sync_0  ; 1.000        ; -0.039     ; 1.727      ;
; -0.779 ; counter_9999:counter_inst|q[4]  ; counter_9999:counter_inst|q[13] ; key_sync_0   ; key_sync_0  ; 1.000        ; -0.041     ; 1.725      ;
; -0.778 ; counter_9999:counter_inst|q[3]  ; counter_9999:counter_inst|q[6]  ; key_sync_0   ; key_sync_0  ; 1.000        ; -0.040     ; 1.725      ;
; -0.778 ; counter_9999:counter_inst|q[0]  ; counter_9999:counter_inst|q[11] ; key_sync_0   ; key_sync_0  ; 1.000        ; -0.040     ; 1.725      ;
; -0.777 ; counter_9999:counter_inst|q[9]  ; counter_9999:counter_inst|q[10] ; key_sync_0   ; key_sync_0  ; 1.000        ; -0.040     ; 1.724      ;
; -0.774 ; counter_9999:counter_inst|q[7]  ; counter_9999:counter_inst|q[1]  ; key_sync_0   ; key_sync_0  ; 1.000        ; -0.041     ; 1.720      ;
; -0.773 ; counter_9999:counter_inst|q[7]  ; counter_9999:counter_inst|q[3]  ; key_sync_0   ; key_sync_0  ; 1.000        ; -0.041     ; 1.719      ;
; -0.772 ; counter_9999:counter_inst|q[7]  ; counter_9999:counter_inst|q[13] ; key_sync_0   ; key_sync_0  ; 1.000        ; -0.041     ; 1.718      ;
; -0.771 ; counter_9999:counter_inst|q[0]  ; counter_9999:counter_inst|q[8]  ; key_sync_0   ; key_sync_0  ; 1.000        ; -0.039     ; 1.719      ;
; -0.771 ; counter_9999:counter_inst|q[11] ; counter_9999:counter_inst|q[0]  ; key_sync_0   ; key_sync_0  ; 1.000        ; -0.040     ; 1.718      ;
; -0.771 ; counter_9999:counter_inst|q[11] ; counter_9999:counter_inst|q[2]  ; key_sync_0   ; key_sync_0  ; 1.000        ; -0.040     ; 1.718      ;
; -0.770 ; counter_9999:counter_inst|q[2]  ; counter_9999:counter_inst|q[10] ; key_sync_0   ; key_sync_0  ; 1.000        ; -0.039     ; 1.718      ;
; -0.769 ; counter_9999:counter_inst|q[1]  ; counter_9999:counter_inst|q[5]  ; key_sync_0   ; key_sync_0  ; 1.000        ; -0.039     ; 1.717      ;
; -0.769 ; counter_9999:counter_inst|q[13] ; counter_9999:counter_inst|q[1]  ; key_sync_0   ; key_sync_0  ; 1.000        ; -0.041     ; 1.715      ;
; -0.768 ; counter_9999:counter_inst|q[9]  ; counter_9999:counter_inst|q[13] ; key_sync_0   ; key_sync_0  ; 1.000        ; -0.042     ; 1.713      ;
; -0.768 ; counter_9999:counter_inst|q[13] ; counter_9999:counter_inst|q[3]  ; key_sync_0   ; key_sync_0  ; 1.000        ; -0.041     ; 1.714      ;
; -0.767 ; counter_9999:counter_inst|q[13] ; counter_9999:counter_inst|q[13] ; key_sync_0   ; key_sync_0  ; 1.000        ; -0.041     ; 1.713      ;
; -0.765 ; counter_9999:counter_inst|q[4]  ; counter_9999:counter_inst|q[10] ; key_sync_0   ; key_sync_0  ; 1.000        ; -0.039     ; 1.713      ;
; -0.761 ; counter_9999:counter_inst|q[7]  ; counter_9999:counter_inst|q[0]  ; key_sync_0   ; key_sync_0  ; 1.000        ; -0.040     ; 1.708      ;
; -0.761 ; counter_9999:counter_inst|q[7]  ; counter_9999:counter_inst|q[2]  ; key_sync_0   ; key_sync_0  ; 1.000        ; -0.040     ; 1.708      ;
; -0.760 ; counter_9999:counter_inst|q[2]  ; counter_9999:counter_inst|q[12] ; key_sync_0   ; key_sync_0  ; 1.000        ; -0.040     ; 1.707      ;
; -0.759 ; counter_9999:counter_inst|q[3]  ; counter_9999:counter_inst|q[11] ; key_sync_0   ; key_sync_0  ; 1.000        ; -0.040     ; 1.706      ;
; -0.759 ; counter_9999:counter_inst|q[11] ; counter_9999:counter_inst|q[10] ; key_sync_0   ; key_sync_0  ; 1.000        ; -0.039     ; 1.707      ;
; -0.758 ; counter_9999:counter_inst|q[3]  ; counter_9999:counter_inst|q[7]  ; key_sync_0   ; key_sync_0  ; 1.000        ; -0.040     ; 1.705      ;
; -0.757 ; counter_9999:counter_inst|q[9]  ; counter_9999:counter_inst|q[12] ; key_sync_0   ; key_sync_0  ; 1.000        ; -0.041     ; 1.703      ;
; -0.757 ; counter_9999:counter_inst|q[11] ; counter_9999:counter_inst|q[8]  ; key_sync_0   ; key_sync_0  ; 1.000        ; -0.039     ; 1.705      ;
; -0.757 ; counter_9999:counter_inst|q[11] ; counter_9999:counter_inst|q[9]  ; key_sync_0   ; key_sync_0  ; 1.000        ; -0.039     ; 1.705      ;
; -0.756 ; counter_9999:counter_inst|q[13] ; counter_9999:counter_inst|q[0]  ; key_sync_0   ; key_sync_0  ; 1.000        ; -0.040     ; 1.703      ;
; -0.756 ; counter_9999:counter_inst|q[13] ; counter_9999:counter_inst|q[2]  ; key_sync_0   ; key_sync_0  ; 1.000        ; -0.040     ; 1.703      ;
; -0.749 ; counter_9999:counter_inst|q[4]  ; counter_9999:counter_inst|q[9]  ; key_sync_0   ; key_sync_0  ; 1.000        ; -0.039     ; 1.697      ;
; -0.749 ; counter_9999:counter_inst|q[7]  ; counter_9999:counter_inst|q[10] ; key_sync_0   ; key_sync_0  ; 1.000        ; -0.039     ; 1.697      ;
; -0.748 ; counter_9999:counter_inst|q[2]  ; counter_9999:counter_inst|q[7]  ; key_sync_0   ; key_sync_0  ; 1.000        ; -0.040     ; 1.695      ;
; -0.747 ; counter_9999:counter_inst|q[7]  ; counter_9999:counter_inst|q[8]  ; key_sync_0   ; key_sync_0  ; 1.000        ; -0.039     ; 1.695      ;
; -0.747 ; counter_9999:counter_inst|q[7]  ; counter_9999:counter_inst|q[9]  ; key_sync_0   ; key_sync_0  ; 1.000        ; -0.039     ; 1.695      ;
; -0.746 ; counter_9999:counter_inst|q[2]  ; counter_9999:counter_inst|q[6]  ; key_sync_0   ; key_sync_0  ; 1.000        ; -0.040     ; 1.693      ;
; -0.745 ; counter_9999:counter_inst|q[4]  ; counter_9999:counter_inst|q[12] ; key_sync_0   ; key_sync_0  ; 1.000        ; -0.040     ; 1.692      ;
; -0.744 ; counter_9999:counter_inst|q[13] ; counter_9999:counter_inst|q[10] ; key_sync_0   ; key_sync_0  ; 1.000        ; -0.039     ; 1.692      ;
; -0.742 ; counter_9999:counter_inst|q[13] ; counter_9999:counter_inst|q[8]  ; key_sync_0   ; key_sync_0  ; 1.000        ; -0.039     ; 1.690      ;
; -0.742 ; counter_9999:counter_inst|q[13] ; counter_9999:counter_inst|q[9]  ; key_sync_0   ; key_sync_0  ; 1.000        ; -0.039     ; 1.690      ;
; -0.730 ; counter_9999:counter_inst|q[2]  ; counter_9999:counter_inst|q[9]  ; key_sync_0   ; key_sync_0  ; 1.000        ; -0.039     ; 1.678      ;
; -0.730 ; counter_9999:counter_inst|q[2]  ; counter_9999:counter_inst|q[11] ; key_sync_0   ; key_sync_0  ; 1.000        ; -0.040     ; 1.677      ;
; -0.730 ; counter_9999:counter_inst|q[1]  ; counter_9999:counter_inst|q[2]  ; key_sync_0   ; key_sync_0  ; 1.000        ; -0.040     ; 1.677      ;
; -0.728 ; counter_9999:counter_inst|q[2]  ; counter_9999:counter_inst|q[5]  ; key_sync_0   ; key_sync_0  ; 1.000        ; -0.039     ; 1.676      ;
; -0.725 ; counter_9999:counter_inst|q[8]  ; counter_9999:counter_inst|q[13] ; key_sync_0   ; key_sync_0  ; 1.000        ; -0.042     ; 1.670      ;
; -0.723 ; counter_9999:counter_inst|q[8]  ; counter_9999:counter_inst|q[10] ; key_sync_0   ; key_sync_0  ; 1.000        ; -0.040     ; 1.670      ;
; -0.716 ; counter_9999:counter_inst|q[11] ; counter_9999:counter_inst|q[11] ; key_sync_0   ; key_sync_0  ; 1.000        ; -0.040     ; 1.663      ;
; -0.710 ; counter_9999:counter_inst|q[11] ; counter_9999:counter_inst|q[6]  ; key_sync_0   ; key_sync_0  ; 1.000        ; -0.040     ; 1.657      ;
; -0.706 ; counter_9999:counter_inst|q[7]  ; counter_9999:counter_inst|q[11] ; key_sync_0   ; key_sync_0  ; 1.000        ; -0.040     ; 1.653      ;
; -0.705 ; counter_9999:counter_inst|q[7]  ; counter_9999:counter_inst|q[12] ; key_sync_0   ; key_sync_0  ; 1.000        ; -0.040     ; 1.652      ;
; -0.704 ; counter_9999:counter_inst|q[4]  ; counter_9999:counter_inst|q[8]  ; key_sync_0   ; key_sync_0  ; 1.000        ; -0.039     ; 1.652      ;
; -0.704 ; counter_9999:counter_inst|q[1]  ; counter_9999:counter_inst|q[1]  ; key_sync_0   ; key_sync_0  ; 1.000        ; -0.041     ; 1.650      ;
; -0.704 ; counter_9999:counter_inst|q[2]  ; counter_9999:counter_inst|q[8]  ; key_sync_0   ; key_sync_0  ; 1.000        ; -0.039     ; 1.652      ;
; -0.703 ; counter_9999:counter_inst|q[8]  ; counter_9999:counter_inst|q[12] ; key_sync_0   ; key_sync_0  ; 1.000        ; -0.041     ; 1.649      ;
; -0.703 ; counter_9999:counter_inst|q[1]  ; counter_9999:counter_inst|q[3]  ; key_sync_0   ; key_sync_0  ; 1.000        ; -0.041     ; 1.649      ;
; -0.702 ; counter_9999:counter_inst|q[6]  ; counter_9999:counter_inst|q[1]  ; key_sync_0   ; key_sync_0  ; 1.000        ; -0.041     ; 1.648      ;
; -0.701 ; counter_9999:counter_inst|q[11] ; counter_9999:counter_inst|q[4]  ; key_sync_0   ; key_sync_0  ; 1.000        ; -0.040     ; 1.648      ;
; -0.701 ; counter_9999:counter_inst|q[11] ; counter_9999:counter_inst|q[12] ; key_sync_0   ; key_sync_0  ; 1.000        ; -0.040     ; 1.648      ;
; -0.701 ; counter_9999:counter_inst|q[6]  ; counter_9999:counter_inst|q[13] ; key_sync_0   ; key_sync_0  ; 1.000        ; -0.041     ; 1.647      ;
; -0.701 ; counter_9999:counter_inst|q[6]  ; counter_9999:counter_inst|q[3]  ; key_sync_0   ; key_sync_0  ; 1.000        ; -0.041     ; 1.647      ;
; -0.701 ; counter_9999:counter_inst|q[13] ; counter_9999:counter_inst|q[11] ; key_sync_0   ; key_sync_0  ; 1.000        ; -0.040     ; 1.648      ;
+--------+---------------------------------+---------------------------------+--------------+-------------+--------------+------------+------------+


+--------------------------------------------------------------------------------------------------------+
; Fast 1200mV 0C Model Setup: 'CLOCK_50'                                                                 ;
+--------+------------+------------+--------------+-------------+--------------+------------+------------+
; Slack  ; From Node  ; To Node    ; Launch Clock ; Latch Clock ; Relationship ; Clock Skew ; Data Delay ;
+--------+------------+------------+--------------+-------------+--------------+------------+------------+
; -0.327 ; key_sync_0 ; key_sync_1 ; key_sync_0   ; CLOCK_50    ; 0.500        ; 0.841      ; 1.750      ;
; 0.368  ; key_sync_0 ; key_sync_1 ; key_sync_0   ; CLOCK_50    ; 1.000        ; 0.841      ; 1.555      ;
+--------+------------+------------+--------------+-------------+--------------+------------+------------+


+-------------------------------------------------------------------------------------------------------+
; Fast 1200mV 0C Model Hold: 'CLOCK_50'                                                                 ;
+-------+------------+------------+--------------+-------------+--------------+------------+------------+
; Slack ; From Node  ; To Node    ; Launch Clock ; Latch Clock ; Relationship ; Clock Skew ; Data Delay ;
+-------+------------+------------+--------------+-------------+--------------+------------+------------+
; 0.406 ; key_sync_0 ; key_sync_1 ; key_sync_0   ; CLOCK_50    ; 0.000        ; 0.872      ; 1.497      ;
; 1.094 ; key_sync_0 ; key_sync_1 ; key_sync_0   ; CLOCK_50    ; -0.500       ; 0.872      ; 1.685      ;
+-------+------------+------------+--------------+-------------+--------------+------------+------------+


+-------------------------------------------------------------------------------------------------------------------------------------------------+
; Fast 1200mV 0C Model Hold: 'key_sync_0'                                                                                                         ;
+-------+---------------------------------+---------------------------------+--------------+-------------+--------------+------------+------------+
; Slack ; From Node                       ; To Node                         ; Launch Clock ; Latch Clock ; Relationship ; Clock Skew ; Data Delay ;
+-------+---------------------------------+---------------------------------+--------------+-------------+--------------+------------+------------+
; 0.754 ; counter_9999:counter_inst|q[1]  ; counter_9999:counter_inst|q[1]  ; key_sync_0   ; key_sync_0  ; 0.000        ; 0.041      ; 0.879      ;
; 0.761 ; counter_9999:counter_inst|q[12] ; counter_9999:counter_inst|q[12] ; key_sync_0   ; key_sync_0  ; 0.000        ; 0.040      ; 0.885      ;
; 0.762 ; counter_9999:counter_inst|q[7]  ; counter_9999:counter_inst|q[7]  ; key_sync_0   ; key_sync_0  ; 0.000        ; 0.040      ; 0.886      ;
; 0.768 ; counter_9999:counter_inst|q[6]  ; counter_9999:counter_inst|q[6]  ; key_sync_0   ; key_sync_0  ; 0.000        ; 0.040      ; 0.892      ;
; 0.768 ; counter_9999:counter_inst|q[4]  ; counter_9999:counter_inst|q[4]  ; key_sync_0   ; key_sync_0  ; 0.000        ; 0.040      ; 0.892      ;
; 0.773 ; counter_9999:counter_inst|q[11] ; counter_9999:counter_inst|q[11] ; key_sync_0   ; key_sync_0  ; 0.000        ; 0.040      ; 0.897      ;
; 0.813 ; counter_9999:counter_inst|q[5]  ; counter_9999:counter_inst|q[5]  ; key_sync_0   ; key_sync_0  ; 0.000        ; 0.040      ; 0.937      ;
; 0.816 ; counter_9999:counter_inst|q[2]  ; counter_9999:counter_inst|q[2]  ; key_sync_0   ; key_sync_0  ; 0.000        ; 0.040      ; 0.940      ;
; 0.826 ; counter_9999:counter_inst|q[9]  ; counter_9999:counter_inst|q[9]  ; key_sync_0   ; key_sync_0  ; 0.000        ; 0.040      ; 0.950      ;
; 0.834 ; counter_9999:counter_inst|q[10] ; counter_9999:counter_inst|q[10] ; key_sync_0   ; key_sync_0  ; 0.000        ; 0.040      ; 0.958      ;
; 0.837 ; counter_9999:counter_inst|q[8]  ; counter_9999:counter_inst|q[8]  ; key_sync_0   ; key_sync_0  ; 0.000        ; 0.040      ; 0.961      ;
; 0.846 ; counter_9999:counter_inst|q[2]  ; counter_9999:counter_inst|q[4]  ; key_sync_0   ; key_sync_0  ; 0.000        ; 0.040      ; 0.970      ;
; 0.849 ; counter_9999:counter_inst|q[0]  ; counter_9999:counter_inst|q[1]  ; key_sync_0   ; key_sync_0  ; 0.000        ; 0.040      ; 0.973      ;
; 0.859 ; counter_9999:counter_inst|q[0]  ; counter_9999:counter_inst|q[0]  ; key_sync_0   ; key_sync_0  ; 0.000        ; 0.040      ; 0.983      ;
; 0.867 ; counter_9999:counter_inst|q[3]  ; counter_9999:counter_inst|q[3]  ; key_sync_0   ; key_sync_0  ; 0.000        ; 0.041      ; 0.992      ;
; 0.870 ; counter_9999:counter_inst|q[13] ; counter_9999:counter_inst|q[13] ; key_sync_0   ; key_sync_0  ; 0.000        ; 0.041      ; 0.995      ;
; 0.900 ; counter_9999:counter_inst|q[3]  ; counter_9999:counter_inst|q[4]  ; key_sync_0   ; key_sync_0  ; 0.000        ; 0.041      ; 1.025      ;
; 0.911 ; counter_9999:counter_inst|q[11] ; counter_9999:counter_inst|q[12] ; key_sync_0   ; key_sync_0  ; 0.000        ; 0.040      ; 1.035      ;
; 0.911 ; counter_9999:counter_inst|q[0]  ; counter_9999:counter_inst|q[4]  ; key_sync_0   ; key_sync_0  ; 0.000        ; 0.040      ; 1.035      ;
; 0.922 ; counter_9999:counter_inst|q[2]  ; counter_9999:counter_inst|q[6]  ; key_sync_0   ; key_sync_0  ; 0.000        ; 0.040      ; 1.046      ;
; 0.923 ; counter_9999:counter_inst|q[6]  ; counter_9999:counter_inst|q[7]  ; key_sync_0   ; key_sync_0  ; 0.000        ; 0.040      ; 1.047      ;
; 0.925 ; counter_9999:counter_inst|q[4]  ; counter_9999:counter_inst|q[11] ; key_sync_0   ; key_sync_0  ; 0.000        ; 0.040      ; 1.049      ;
; 0.926 ; counter_9999:counter_inst|q[4]  ; counter_9999:counter_inst|q[7]  ; key_sync_0   ; key_sync_0  ; 0.000        ; 0.040      ; 1.050      ;
; 0.933 ; counter_9999:counter_inst|q[10] ; counter_9999:counter_inst|q[12] ; key_sync_0   ; key_sync_0  ; 0.000        ; 0.039      ; 1.056      ;
; 0.937 ; counter_9999:counter_inst|q[9]  ; counter_9999:counter_inst|q[12] ; key_sync_0   ; key_sync_0  ; 0.000        ; 0.039      ; 1.060      ;
; 0.939 ; counter_9999:counter_inst|q[4]  ; counter_9999:counter_inst|q[6]  ; key_sync_0   ; key_sync_0  ; 0.000        ; 0.040      ; 1.063      ;
; 0.940 ; counter_9999:counter_inst|q[10] ; counter_9999:counter_inst|q[11] ; key_sync_0   ; key_sync_0  ; 0.000        ; 0.039      ; 1.063      ;
; 0.951 ; counter_9999:counter_inst|q[4]  ; counter_9999:counter_inst|q[12] ; key_sync_0   ; key_sync_0  ; 0.000        ; 0.040      ; 1.075      ;
; 0.953 ; counter_9999:counter_inst|q[5]  ; counter_9999:counter_inst|q[11] ; key_sync_0   ; key_sync_0  ; 0.000        ; 0.039      ; 1.076      ;
; 0.954 ; counter_9999:counter_inst|q[5]  ; counter_9999:counter_inst|q[7]  ; key_sync_0   ; key_sync_0  ; 0.000        ; 0.039      ; 1.077      ;
; 0.959 ; counter_9999:counter_inst|q[2]  ; counter_9999:counter_inst|q[3]  ; key_sync_0   ; key_sync_0  ; 0.000        ; 0.040      ; 1.083      ;
; 0.962 ; counter_9999:counter_inst|q[1]  ; counter_9999:counter_inst|q[4]  ; key_sync_0   ; key_sync_0  ; 0.000        ; 0.041      ; 1.087      ;
; 0.964 ; counter_9999:counter_inst|q[7]  ; counter_9999:counter_inst|q[8]  ; key_sync_0   ; key_sync_0  ; 0.000        ; 0.041      ; 1.089      ;
; 0.969 ; counter_9999:counter_inst|q[4]  ; counter_9999:counter_inst|q[5]  ; key_sync_0   ; key_sync_0  ; 0.000        ; 0.041      ; 1.094      ;
; 0.976 ; counter_9999:counter_inst|q[0]  ; counter_9999:counter_inst|q[2]  ; key_sync_0   ; key_sync_0  ; 0.000        ; 0.040      ; 1.100      ;
; 0.976 ; counter_9999:counter_inst|q[3]  ; counter_9999:counter_inst|q[6]  ; key_sync_0   ; key_sync_0  ; 0.000        ; 0.041      ; 1.101      ;
; 0.979 ; counter_9999:counter_inst|q[5]  ; counter_9999:counter_inst|q[12] ; key_sync_0   ; key_sync_0  ; 0.000        ; 0.039      ; 1.102      ;
; 0.982 ; counter_9999:counter_inst|q[2]  ; counter_9999:counter_inst|q[7]  ; key_sync_0   ; key_sync_0  ; 0.000        ; 0.040      ; 1.106      ;
; 0.983 ; counter_9999:counter_inst|q[9]  ; counter_9999:counter_inst|q[10] ; key_sync_0   ; key_sync_0  ; 0.000        ; 0.040      ; 1.107      ;
; 0.984 ; counter_9999:counter_inst|q[5]  ; counter_9999:counter_inst|q[4]  ; key_sync_0   ; key_sync_0  ; 0.000        ; 0.039      ; 1.107      ;
; 0.986 ; counter_9999:counter_inst|q[8]  ; counter_9999:counter_inst|q[9]  ; key_sync_0   ; key_sync_0  ; 0.000        ; 0.040      ; 1.110      ;
; 0.987 ; counter_9999:counter_inst|q[0]  ; counter_9999:counter_inst|q[6]  ; key_sync_0   ; key_sync_0  ; 0.000        ; 0.040      ; 1.111      ;
; 0.991 ; counter_9999:counter_inst|q[10] ; counter_9999:counter_inst|q[4]  ; key_sync_0   ; key_sync_0  ; 0.000        ; 0.039      ; 1.114      ;
; 0.992 ; counter_9999:counter_inst|q[10] ; counter_9999:counter_inst|q[7]  ; key_sync_0   ; key_sync_0  ; 0.000        ; 0.039      ; 1.115      ;
; 0.992 ; counter_9999:counter_inst|q[6]  ; counter_9999:counter_inst|q[8]  ; key_sync_0   ; key_sync_0  ; 0.000        ; 0.041      ; 1.117      ;
; 0.993 ; counter_9999:counter_inst|q[9]  ; counter_9999:counter_inst|q[11] ; key_sync_0   ; key_sync_0  ; 0.000        ; 0.039      ; 1.116      ;
; 0.997 ; counter_9999:counter_inst|q[5]  ; counter_9999:counter_inst|q[6]  ; key_sync_0   ; key_sync_0  ; 0.000        ; 0.039      ; 1.120      ;
; 0.998 ; counter_9999:counter_inst|q[8]  ; counter_9999:counter_inst|q[10] ; key_sync_0   ; key_sync_0  ; 0.000        ; 0.040      ; 1.122      ;
; 1.001 ; counter_9999:counter_inst|q[8]  ; counter_9999:counter_inst|q[12] ; key_sync_0   ; key_sync_0  ; 0.000        ; 0.039      ; 1.124      ;
; 1.008 ; counter_9999:counter_inst|q[8]  ; counter_9999:counter_inst|q[11] ; key_sync_0   ; key_sync_0  ; 0.000        ; 0.039      ; 1.131      ;
; 1.017 ; counter_9999:counter_inst|q[7]  ; counter_9999:counter_inst|q[9]  ; key_sync_0   ; key_sync_0  ; 0.000        ; 0.041      ; 1.142      ;
; 1.024 ; counter_9999:counter_inst|q[0]  ; counter_9999:counter_inst|q[3]  ; key_sync_0   ; key_sync_0  ; 0.000        ; 0.040      ; 1.148      ;
; 1.025 ; counter_9999:counter_inst|q[12] ; counter_9999:counter_inst|q[13] ; key_sync_0   ; key_sync_0  ; 0.000        ; 0.040      ; 1.149      ;
; 1.027 ; counter_9999:counter_inst|q[1]  ; counter_9999:counter_inst|q[2]  ; key_sync_0   ; key_sync_0  ; 0.000        ; 0.041      ; 1.152      ;
; 1.029 ; counter_9999:counter_inst|q[7]  ; counter_9999:counter_inst|q[10] ; key_sync_0   ; key_sync_0  ; 0.000        ; 0.041      ; 1.154      ;
; 1.032 ; counter_9999:counter_inst|q[5]  ; counter_9999:counter_inst|q[8]  ; key_sync_0   ; key_sync_0  ; 0.000        ; 0.040      ; 1.156      ;
; 1.032 ; counter_9999:counter_inst|q[7]  ; counter_9999:counter_inst|q[12] ; key_sync_0   ; key_sync_0  ; 0.000        ; 0.040      ; 1.156      ;
; 1.036 ; counter_9999:counter_inst|q[3]  ; counter_9999:counter_inst|q[7]  ; key_sync_0   ; key_sync_0  ; 0.000        ; 0.041      ; 1.161      ;
; 1.038 ; counter_9999:counter_inst|q[1]  ; counter_9999:counter_inst|q[6]  ; key_sync_0   ; key_sync_0  ; 0.000        ; 0.041      ; 1.163      ;
; 1.039 ; counter_9999:counter_inst|q[7]  ; counter_9999:counter_inst|q[11] ; key_sync_0   ; key_sync_0  ; 0.000        ; 0.040      ; 1.163      ;
; 1.043 ; counter_9999:counter_inst|q[10] ; counter_9999:counter_inst|q[6]  ; key_sync_0   ; key_sync_0  ; 0.000        ; 0.039      ; 1.166      ;
; 1.043 ; counter_9999:counter_inst|q[4]  ; counter_9999:counter_inst|q[8]  ; key_sync_0   ; key_sync_0  ; 0.000        ; 0.041      ; 1.168      ;
; 1.045 ; counter_9999:counter_inst|q[6]  ; counter_9999:counter_inst|q[9]  ; key_sync_0   ; key_sync_0  ; 0.000        ; 0.041      ; 1.170      ;
; 1.047 ; counter_9999:counter_inst|q[0]  ; counter_9999:counter_inst|q[7]  ; key_sync_0   ; key_sync_0  ; 0.000        ; 0.040      ; 1.171      ;
; 1.057 ; counter_9999:counter_inst|q[6]  ; counter_9999:counter_inst|q[10] ; key_sync_0   ; key_sync_0  ; 0.000        ; 0.041      ; 1.182      ;
; 1.060 ; counter_9999:counter_inst|q[6]  ; counter_9999:counter_inst|q[12] ; key_sync_0   ; key_sync_0  ; 0.000        ; 0.040      ; 1.184      ;
; 1.067 ; counter_9999:counter_inst|q[6]  ; counter_9999:counter_inst|q[11] ; key_sync_0   ; key_sync_0  ; 0.000        ; 0.040      ; 1.191      ;
; 1.070 ; counter_9999:counter_inst|q[3]  ; counter_9999:counter_inst|q[11] ; key_sync_0   ; key_sync_0  ; 0.000        ; 0.041      ; 1.195      ;
; 1.075 ; counter_9999:counter_inst|q[1]  ; counter_9999:counter_inst|q[3]  ; key_sync_0   ; key_sync_0  ; 0.000        ; 0.041      ; 1.200      ;
; 1.078 ; counter_9999:counter_inst|q[9]  ; counter_9999:counter_inst|q[7]  ; key_sync_0   ; key_sync_0  ; 0.000        ; 0.039      ; 1.201      ;
; 1.078 ; counter_9999:counter_inst|q[13] ; counter_9999:counter_inst|q[12] ; key_sync_0   ; key_sync_0  ; 0.000        ; 0.041      ; 1.203      ;
; 1.079 ; counter_9999:counter_inst|q[8]  ; counter_9999:counter_inst|q[4]  ; key_sync_0   ; key_sync_0  ; 0.000        ; 0.039      ; 1.202      ;
; 1.079 ; counter_9999:counter_inst|q[11] ; counter_9999:counter_inst|q[13] ; key_sync_0   ; key_sync_0  ; 0.000        ; 0.040      ; 1.203      ;
; 1.080 ; counter_9999:counter_inst|q[4]  ; counter_9999:counter_inst|q[9]  ; key_sync_0   ; key_sync_0  ; 0.000        ; 0.041      ; 1.205      ;
; 1.080 ; counter_9999:counter_inst|q[9]  ; counter_9999:counter_inst|q[4]  ; key_sync_0   ; key_sync_0  ; 0.000        ; 0.039      ; 1.203      ;
; 1.080 ; counter_9999:counter_inst|q[8]  ; counter_9999:counter_inst|q[7]  ; key_sync_0   ; key_sync_0  ; 0.000        ; 0.039      ; 1.203      ;
; 1.082 ; counter_9999:counter_inst|q[4]  ; counter_9999:counter_inst|q[10] ; key_sync_0   ; key_sync_0  ; 0.000        ; 0.041      ; 1.207      ;
; 1.082 ; counter_9999:counter_inst|q[3]  ; counter_9999:counter_inst|q[12] ; key_sync_0   ; key_sync_0  ; 0.000        ; 0.041      ; 1.207      ;
; 1.085 ; counter_9999:counter_inst|q[5]  ; counter_9999:counter_inst|q[9]  ; key_sync_0   ; key_sync_0  ; 0.000        ; 0.040      ; 1.209      ;
; 1.097 ; counter_9999:counter_inst|q[5]  ; counter_9999:counter_inst|q[10] ; key_sync_0   ; key_sync_0  ; 0.000        ; 0.040      ; 1.221      ;
; 1.098 ; counter_9999:counter_inst|q[1]  ; counter_9999:counter_inst|q[7]  ; key_sync_0   ; key_sync_0  ; 0.000        ; 0.041      ; 1.223      ;
; 1.101 ; counter_9999:counter_inst|q[10] ; counter_9999:counter_inst|q[13] ; key_sync_0   ; key_sync_0  ; 0.000        ; 0.039      ; 1.224      ;
; 1.106 ; counter_9999:counter_inst|q[2]  ; counter_9999:counter_inst|q[11] ; key_sync_0   ; key_sync_0  ; 0.000        ; 0.040      ; 1.230      ;
; 1.108 ; counter_9999:counter_inst|q[4]  ; counter_9999:counter_inst|q[2]  ; key_sync_0   ; key_sync_0  ; 0.000        ; 0.040      ; 1.232      ;
; 1.108 ; counter_9999:counter_inst|q[4]  ; counter_9999:counter_inst|q[0]  ; key_sync_0   ; key_sync_0  ; 0.000        ; 0.040      ; 1.232      ;
; 1.115 ; counter_9999:counter_inst|q[4]  ; counter_9999:counter_inst|q[13] ; key_sync_0   ; key_sync_0  ; 0.000        ; 0.040      ; 1.239      ;
; 1.115 ; counter_9999:counter_inst|q[10] ; counter_9999:counter_inst|q[9]  ; key_sync_0   ; key_sync_0  ; 0.000        ; 0.040      ; 1.239      ;
; 1.115 ; counter_9999:counter_inst|q[10] ; counter_9999:counter_inst|q[8]  ; key_sync_0   ; key_sync_0  ; 0.000        ; 0.040      ; 1.239      ;
; 1.116 ; counter_9999:counter_inst|q[4]  ; counter_9999:counter_inst|q[3]  ; key_sync_0   ; key_sync_0  ; 0.000        ; 0.040      ; 1.240      ;
; 1.116 ; counter_9999:counter_inst|q[10] ; counter_9999:counter_inst|q[5]  ; key_sync_0   ; key_sync_0  ; 0.000        ; 0.040      ; 1.240      ;
; 1.117 ; counter_9999:counter_inst|q[4]  ; counter_9999:counter_inst|q[1]  ; key_sync_0   ; key_sync_0  ; 0.000        ; 0.040      ; 1.241      ;
; 1.118 ; counter_9999:counter_inst|q[2]  ; counter_9999:counter_inst|q[12] ; key_sync_0   ; key_sync_0  ; 0.000        ; 0.040      ; 1.242      ;
; 1.121 ; counter_9999:counter_inst|q[9]  ; counter_9999:counter_inst|q[6]  ; key_sync_0   ; key_sync_0  ; 0.000        ; 0.039      ; 1.244      ;
; 1.126 ; counter_9999:counter_inst|q[3]  ; counter_9999:counter_inst|q[5]  ; key_sync_0   ; key_sync_0  ; 0.000        ; 0.042      ; 1.252      ;
; 1.131 ; counter_9999:counter_inst|q[8]  ; counter_9999:counter_inst|q[6]  ; key_sync_0   ; key_sync_0  ; 0.000        ; 0.039      ; 1.254      ;
; 1.141 ; counter_9999:counter_inst|q[1]  ; counter_9999:counter_inst|q[12] ; key_sync_0   ; key_sync_0  ; 0.000        ; 0.041      ; 1.266      ;
; 1.143 ; counter_9999:counter_inst|q[10] ; counter_9999:counter_inst|q[2]  ; key_sync_0   ; key_sync_0  ; 0.000        ; 0.039      ; 1.266      ;
; 1.143 ; counter_9999:counter_inst|q[10] ; counter_9999:counter_inst|q[0]  ; key_sync_0   ; key_sync_0  ; 0.000        ; 0.039      ; 1.266      ;
; 1.144 ; counter_9999:counter_inst|q[5]  ; counter_9999:counter_inst|q[2]  ; key_sync_0   ; key_sync_0  ; 0.000        ; 0.039      ; 1.267      ;
; 1.144 ; counter_9999:counter_inst|q[5]  ; counter_9999:counter_inst|q[0]  ; key_sync_0   ; key_sync_0  ; 0.000        ; 0.039      ; 1.267      ;
+-------+---------------------------------+---------------------------------+--------------+-------------+--------------+------------+------------+


----------------------------------------------
; Fast 1200mV 0C Model Metastability Summary ;
----------------------------------------------
No synchronizer chains to report.


+-------------------------------------------------------------------------------+
; Multicorner Timing Analysis Summary                                           ;
+------------------+---------+-------+----------+---------+---------------------+
; Clock            ; Setup   ; Hold  ; Recovery ; Removal ; Minimum Pulse Width ;
+------------------+---------+-------+----------+---------+---------------------+
; Worst-case Slack ; -3.057  ; 0.406 ; N/A      ; N/A     ; -3.000              ;
;  CLOCK_50        ; -0.837  ; 0.406 ; N/A      ; N/A     ; -3.000              ;
;  key_sync_0      ; -3.057  ; 0.754 ; N/A      ; N/A     ; -1.285              ;
; Design-wide TNS  ; -39.99  ; 0.0   ; 0.0      ; 0.0     ; -23.56              ;
;  CLOCK_50        ; -0.837  ; 0.000 ; N/A      ; N/A     ; -5.570              ;
;  key_sync_0      ; -39.153 ; 0.000 ; N/A      ; N/A     ; -17.990             ;
+------------------+---------+-------+----------+---------+---------------------+


+------------------------------------------------------------------------------------------------------------------------------------------------------------------------------------------------------------------------------------------------------------------------------------------------------------------------------------------------------------------------------------------------------------------+
; Board Trace Model Assignments                                                                                                                                                                                                                                                                                                                                                                                    ;
+---------------+--------------+-------------------+-------------------------+-------------------------+---------------+---------------------+----------------+------------------+--------+------------------+------------------------+------------------------+--------------+---------------+-----------------+-------+---------------------+--------------------+---------------+-----------------+-------------+
; Pin           ; I/O Standard ; Near Tline Length ; Near Tline L per Length ; Near Tline C per Length ; Near Series R ; Near Differential R ; Near Pull-up R ; Near Pull-down R ; Near C ; Far Tline Length ; Far Tline L per Length ; Far Tline C per Length ; Far Series R ; Far Pull-up R ; Far Pull-down R ; Far C ; Termination Voltage ; Far Differential R ; EBD File Name ; EBD Signal Name ; EBD Far-end ;
+---------------+--------------+-------------------+-------------------------+-------------------------+---------------+---------------------+----------------+------------------+--------+------------------+------------------------+------------------------+--------------+---------------+-----------------+-------+---------------------+--------------------+---------------+-----------------+-------------+
; last          ; 2.5 V        ; 0 in              ; 0 H/in                  ; 0 F/in                  ; short         ; -                   ; open           ; open             ; open   ; 0 in             ; 0 H/in                 ; 0 F/in                 ; short        ; open          ; open            ; open  ; 0 V                 ; -                  ; n/a           ; n/a             ; n/a         ;
; seg0[0]       ; 2.5 V        ; 0 in              ; 0 H/in                  ; 0 F/in                  ; short         ; -                   ; open           ; open             ; open   ; 0 in             ; 0 H/in                 ; 0 F/in                 ; short        ; open          ; open            ; open  ; 0 V                 ; -                  ; n/a           ; n/a             ; n/a         ;
; seg0[1]       ; 2.5 V        ; 0 in              ; 0 H/in                  ; 0 F/in                  ; short         ; -                   ; open           ; open             ; open   ; 0 in             ; 0 H/in                 ; 0 F/in                 ; short        ; open          ; open            ; open  ; 0 V                 ; -                  ; n/a           ; n/a             ; n/a         ;
; seg0[2]       ; 2.5 V        ; 0 in              ; 0 H/in                  ; 0 F/in                  ; short         ; -                   ; open           ; open             ; open   ; 0 in             ; 0 H/in                 ; 0 F/in                 ; short        ; open          ; open            ; open  ; 0 V                 ; -                  ; n/a           ; n/a             ; n/a         ;
; seg0[3]       ; 2.5 V        ; 0 in              ; 0 H/in                  ; 0 F/in                  ; short         ; -                   ; open           ; open             ; open   ; 0 in             ; 0 H/in                 ; 0 F/in                 ; short        ; open          ; open            ; open  ; 0 V                 ; -                  ; n/a           ; n/a             ; n/a         ;
; seg0[4]       ; 2.5 V        ; 0 in              ; 0 H/in                  ; 0 F/in                  ; short         ; -                   ; open           ; open             ; open   ; 0 in             ; 0 H/in                 ; 0 F/in                 ; short        ; open          ; open            ; open  ; 0 V                 ; -                  ; n/a           ; n/a             ; n/a         ;
; seg0[5]       ; 2.5 V        ; 0 in              ; 0 H/in                  ; 0 F/in                  ; short         ; -                   ; open           ; open             ; open   ; 0 in             ; 0 H/in                 ; 0 F/in                 ; short        ; open          ; open            ; open  ; 0 V                 ; -                  ; n/a           ; n/a             ; n/a         ;
; seg0[6]       ; 2.5 V        ; 0 in              ; 0 H/in                  ; 0 F/in                  ; short         ; -                   ; open           ; open             ; open   ; 0 in             ; 0 H/in                 ; 0 F/in                 ; short        ; open          ; open            ; open  ; 0 V                 ; -                  ; n/a           ; n/a             ; n/a         ;
; seg1[0]       ; 2.5 V        ; 0 in              ; 0 H/in                  ; 0 F/in                  ; short         ; -                   ; open           ; open             ; open   ; 0 in             ; 0 H/in                 ; 0 F/in                 ; short        ; open          ; open            ; open  ; 0 V                 ; -                  ; n/a           ; n/a             ; n/a         ;
; seg1[1]       ; 2.5 V        ; 0 in              ; 0 H/in                  ; 0 F/in                  ; short         ; -                   ; open           ; open             ; open   ; 0 in             ; 0 H/in                 ; 0 F/in                 ; short        ; open          ; open            ; open  ; 0 V                 ; -                  ; n/a           ; n/a             ; n/a         ;
; seg1[2]       ; 2.5 V        ; 0 in              ; 0 H/in                  ; 0 F/in                  ; short         ; -                   ; open           ; open             ; open   ; 0 in             ; 0 H/in                 ; 0 F/in                 ; short        ; open          ; open            ; open  ; 0 V                 ; -                  ; n/a           ; n/a             ; n/a         ;
; seg1[3]       ; 2.5 V        ; 0 in              ; 0 H/in                  ; 0 F/in                  ; short         ; -                   ; open           ; open             ; open   ; 0 in             ; 0 H/in                 ; 0 F/in                 ; short        ; open          ; open            ; open  ; 0 V                 ; -                  ; n/a           ; n/a             ; n/a         ;
; seg1[4]       ; 2.5 V        ; 0 in              ; 0 H/in                  ; 0 F/in                  ; short         ; -                   ; open           ; open             ; open   ; 0 in             ; 0 H/in                 ; 0 F/in                 ; short        ; open          ; open            ; open  ; 0 V                 ; -                  ; n/a           ; n/a             ; n/a         ;
; seg1[5]       ; 2.5 V        ; 0 in              ; 0 H/in                  ; 0 F/in                  ; short         ; -                   ; open           ; open             ; open   ; 0 in             ; 0 H/in                 ; 0 F/in                 ; short        ; open          ; open            ; open  ; 0 V                 ; -                  ; n/a           ; n/a             ; n/a         ;
; seg1[6]       ; 2.5 V        ; 0 in              ; 0 H/in                  ; 0 F/in                  ; short         ; -                   ; open           ; open             ; open   ; 0 in             ; 0 H/in                 ; 0 F/in                 ; short        ; open          ; open            ; open  ; 0 V                 ; -                  ; n/a           ; n/a             ; n/a         ;
; seg2[0]       ; 2.5 V        ; 0 in              ; 0 H/in                  ; 0 F/in                  ; short         ; -                   ; open           ; open             ; open   ; 0 in             ; 0 H/in                 ; 0 F/in                 ; short        ; open          ; open            ; open  ; 0 V                 ; -                  ; n/a           ; n/a             ; n/a         ;
; seg2[1]       ; 2.5 V        ; 0 in              ; 0 H/in                  ; 0 F/in                  ; short         ; -                   ; open           ; open             ; open   ; 0 in             ; 0 H/in                 ; 0 F/in                 ; short        ; open          ; open            ; open  ; 0 V                 ; -                  ; n/a           ; n/a             ; n/a         ;
; seg2[2]       ; 2.5 V        ; 0 in              ; 0 H/in                  ; 0 F/in                  ; short         ; -                   ; open           ; open             ; open   ; 0 in             ; 0 H/in                 ; 0 F/in                 ; short        ; open          ; open            ; open  ; 0 V                 ; -                  ; n/a           ; n/a             ; n/a         ;
; seg2[3]       ; 2.5 V        ; 0 in              ; 0 H/in                  ; 0 F/in                  ; short         ; -                   ; open           ; open             ; open   ; 0 in             ; 0 H/in                 ; 0 F/in                 ; short        ; open          ; open            ; open  ; 0 V                 ; -                  ; n/a           ; n/a             ; n/a         ;
; seg2[4]       ; 2.5 V        ; 0 in              ; 0 H/in                  ; 0 F/in                  ; short         ; -                   ; open           ; open             ; open   ; 0 in             ; 0 H/in                 ; 0 F/in                 ; short        ; open          ; open            ; open  ; 0 V                 ; -                  ; n/a           ; n/a             ; n/a         ;
; seg2[5]       ; 2.5 V        ; 0 in              ; 0 H/in                  ; 0 F/in                  ; short         ; -                   ; open           ; open             ; open   ; 0 in             ; 0 H/in                 ; 0 F/in                 ; short        ; open          ; open            ; open  ; 0 V                 ; -                  ; n/a           ; n/a             ; n/a         ;
; seg2[6]       ; 2.5 V        ; 0 in              ; 0 H/in                  ; 0 F/in                  ; short         ; -                   ; open           ; open             ; open   ; 0 in             ; 0 H/in                 ; 0 F/in                 ; short        ; open          ; open            ; open  ; 0 V                 ; -                  ; n/a           ; n/a             ; n/a         ;
; seg3[0]       ; 2.5 V        ; 0 in              ; 0 H/in                  ; 0 F/in                  ; short         ; -                   ; open           ; open             ; open   ; 0 in             ; 0 H/in                 ; 0 F/in                 ; short        ; open          ; open            ; open  ; 0 V                 ; -                  ; n/a           ; n/a             ; n/a         ;
; seg3[1]       ; 2.5 V        ; 0 in              ; 0 H/in                  ; 0 F/in                  ; short         ; -                   ; open           ; open             ; open   ; 0 in             ; 0 H/in                 ; 0 F/in                 ; short        ; open          ; open            ; open  ; 0 V                 ; -                  ; n/a           ; n/a             ; n/a         ;
; seg3[2]       ; 2.5 V        ; 0 in              ; 0 H/in                  ; 0 F/in                  ; short         ; -                   ; open           ; open             ; open   ; 0 in             ; 0 H/in                 ; 0 F/in                 ; short        ; open          ; open            ; open  ; 0 V                 ; -                  ; n/a           ; n/a             ; n/a         ;
; seg3[3]       ; 2.5 V        ; 0 in              ; 0 H/in                  ; 0 F/in                  ; short         ; -                   ; open           ; open             ; open   ; 0 in             ; 0 H/in                 ; 0 F/in                 ; short        ; open          ; open            ; open  ; 0 V                 ; -                  ; n/a           ; n/a             ; n/a         ;
; seg3[4]       ; 2.5 V        ; 0 in              ; 0 H/in                  ; 0 F/in                  ; short         ; -                   ; open           ; open             ; open   ; 0 in             ; 0 H/in                 ; 0 F/in                 ; short        ; open          ; open            ; open  ; 0 V                 ; -                  ; n/a           ; n/a             ; n/a         ;
; seg3[5]       ; 2.5 V        ; 0 in              ; 0 H/in                  ; 0 F/in                  ; short         ; -                   ; open           ; open             ; open   ; 0 in             ; 0 H/in                 ; 0 F/in                 ; short        ; open          ; open            ; open  ; 0 V                 ; -                  ; n/a           ; n/a             ; n/a         ;
; seg3[6]       ; 2.5 V        ; 0 in              ; 0 H/in                  ; 0 F/in                  ; short         ; -                   ; open           ; open             ; open   ; 0 in             ; 0 H/in                 ; 0 F/in                 ; short        ; open          ; open            ; open  ; 0 V                 ; -                  ; n/a           ; n/a             ; n/a         ;
; ~ALTERA_DCLK~ ; 2.5 V        ; 0 in              ; 0 H/in                  ; 0 F/in                  ; short         ; -                   ; open           ; open             ; open   ; 0 in             ; 0 H/in                 ; 0 F/in                 ; short        ; open          ; open            ; open  ; 0 V                 ; -                  ; n/a           ; n/a             ; n/a         ;
; ~ALTERA_nCEO~ ; 2.5 V        ; 0 in              ; 0 H/in                  ; 0 F/in                  ; short         ; -                   ; open           ; open             ; open   ; 0 in             ; 0 H/in                 ; 0 F/in                 ; short        ; open          ; open            ; open  ; 0 V                 ; -                  ; n/a           ; n/a             ; n/a         ;
+---------------+--------------+-------------------+-------------------------+-------------------------+---------------+---------------------+----------------+------------------+--------+------------------+------------------------+------------------------+--------------+---------------+-----------------+-------+---------------------+--------------------+---------------+-----------------+-------------+


+----------------------------------------------------------------------------+
; Input Transition Times                                                     ;
+-------------------------+--------------+-----------------+-----------------+
; Pin                     ; I/O Standard ; 10-90 Rise Time ; 90-10 Fall Time ;
+-------------------------+--------------+-----------------+-----------------+
; data_in[12]             ; 2.5 V        ; 2000 ps         ; 2000 ps         ;
; up_down                 ; 2.5 V        ; 2000 ps         ; 2000 ps         ;
; load                    ; 2.5 V        ; 2000 ps         ; 2000 ps         ;
; data_in[13]             ; 2.5 V        ; 2000 ps         ; 2000 ps         ;
; data_in[4]              ; 2.5 V        ; 2000 ps         ; 2000 ps         ;
; data_in[5]              ; 2.5 V        ; 2000 ps         ; 2000 ps         ;
; data_in[6]              ; 2.5 V        ; 2000 ps         ; 2000 ps         ;
; data_in[7]              ; 2.5 V        ; 2000 ps         ; 2000 ps         ;
; data_in[8]              ; 2.5 V        ; 2000 ps         ; 2000 ps         ;
; data_in[9]              ; 2.5 V        ; 2000 ps         ; 2000 ps         ;
; data_in[10]             ; 2.5 V        ; 2000 ps         ; 2000 ps         ;
; data_in[11]             ; 2.5 V        ; 2000 ps         ; 2000 ps         ;
; rst                     ; 2.5 V        ; 2000 ps         ; 2000 ps         ;
; en                      ; 2.5 V        ; 2000 ps         ; 2000 ps         ;
; data_in[3]              ; 2.5 V        ; 2000 ps         ; 2000 ps         ;
; data_in[2]              ; 2.5 V        ; 2000 ps         ; 2000 ps         ;
; data_in[1]              ; 2.5 V        ; 2000 ps         ; 2000 ps         ;
; data_in[0]              ; 2.5 V        ; 2000 ps         ; 2000 ps         ;
; CLOCK_50                ; 2.5 V        ; 2000 ps         ; 2000 ps         ;
; key_clk                 ; 2.5 V        ; 2000 ps         ; 2000 ps         ;
; ~ALTERA_ASDO_DATA1~     ; 2.5 V        ; 2000 ps         ; 2000 ps         ;
; ~ALTERA_FLASH_nCE_nCSO~ ; 2.5 V        ; 2000 ps         ; 2000 ps         ;
; ~ALTERA_DATA0~          ; 2.5 V        ; 2000 ps         ; 2000 ps         ;
+-------------------------+--------------+-----------------+-----------------+


+--------------------------------------------------------------------------------------------------------------------------------------------------------------------------------------------------------------------------------------------------------------------------------------------------------------------------------------------------------------------------------------------------------------------------------------------------------------------------------------------------------------------------------------------------------------------------------------------------------------------------------------------------------------------------------------------+
; Signal Integrity Metrics (Slow 1200mv 0c Model)                                                                                                                                                                                                                                                                                                                                                                                                                                                                                                                                                                                                                                            ;
+---------------+--------------+---------------------+---------------------+------------------------------+------------------------------+---------------------+---------------------+--------------------------------------+--------------------------------------+-----------------------------+-----------------------------+----------------------------+----------------------------+-----------------------------+-----------------------------+--------------------+--------------------+-------------------------------------+-------------------------------------+----------------------------+----------------------------+---------------------------+---------------------------+
; Pin           ; I/O Standard ; Board Delay on Rise ; Board Delay on Fall ; Steady State Voh at FPGA Pin ; Steady State Vol at FPGA Pin ; Voh Max at FPGA Pin ; Vol Min at FPGA Pin ; Ringback Voltage on Rise at FPGA Pin ; Ringback Voltage on Fall at FPGA Pin ; 10-90 Rise Time at FPGA Pin ; 90-10 Fall Time at FPGA Pin ; Monotonic Rise at FPGA Pin ; Monotonic Fall at FPGA Pin ; Steady State Voh at Far-end ; Steady State Vol at Far-end ; Voh Max at Far-end ; Vol Min at Far-end ; Ringback Voltage on Rise at Far-end ; Ringback Voltage on Fall at Far-end ; 10-90 Rise Time at Far-end ; 90-10 Fall Time at Far-end ; Monotonic Rise at Far-end ; Monotonic Fall at Far-end ;
+---------------+--------------+---------------------+---------------------+------------------------------+------------------------------+---------------------+---------------------+--------------------------------------+--------------------------------------+-----------------------------+-----------------------------+----------------------------+----------------------------+-----------------------------+-----------------------------+--------------------+--------------------+-------------------------------------+-------------------------------------+----------------------------+----------------------------+---------------------------+---------------------------+
; last          ; 2.5 V        ; 0 s                 ; 0 s                 ; 2.32 V                       ; 4.49e-09 V                   ; 2.38 V              ; -0.00552 V          ; 0.096 V                              ; 0.019 V                              ; 4.18e-10 s                  ; 3.59e-10 s                  ; No                         ; Yes                        ; 2.32 V                      ; 4.49e-09 V                  ; 2.38 V             ; -0.00552 V         ; 0.096 V                             ; 0.019 V                             ; 4.18e-10 s                 ; 3.59e-10 s                 ; No                        ; Yes                       ;
; seg0[0]       ; 2.5 V        ; 0 s                 ; 0 s                 ; 2.32 V                       ; 4.49e-09 V                   ; 2.38 V              ; -0.00552 V          ; 0.096 V                              ; 0.019 V                              ; 4.18e-10 s                  ; 3.59e-10 s                  ; No                         ; Yes                        ; 2.32 V                      ; 4.49e-09 V                  ; 2.38 V             ; -0.00552 V         ; 0.096 V                             ; 0.019 V                             ; 4.18e-10 s                 ; 3.59e-10 s                 ; No                        ; Yes                       ;
; seg0[1]       ; 2.5 V        ; 0 s                 ; 0 s                 ; 2.32 V                       ; 4.49e-09 V                   ; 2.33 V              ; -0.00467 V          ; 0.226 V                              ; 0.087 V                              ; 2.91e-09 s                  ; 2.74e-09 s                  ; Yes                        ; Yes                        ; 2.32 V                      ; 4.49e-09 V                  ; 2.33 V             ; -0.00467 V         ; 0.226 V                             ; 0.087 V                             ; 2.91e-09 s                 ; 2.74e-09 s                 ; Yes                       ; Yes                       ;
; seg0[2]       ; 2.5 V        ; 0 s                 ; 0 s                 ; 2.32 V                       ; 4.49e-09 V                   ; 2.38 V              ; -0.00552 V          ; 0.096 V                              ; 0.019 V                              ; 4.18e-10 s                  ; 3.59e-10 s                  ; No                         ; Yes                        ; 2.32 V                      ; 4.49e-09 V                  ; 2.38 V             ; -0.00552 V         ; 0.096 V                             ; 0.019 V                             ; 4.18e-10 s                 ; 3.59e-10 s                 ; No                        ; Yes                       ;
; seg0[3]       ; 2.5 V        ; 0 s                 ; 0 s                 ; 2.32 V                       ; 3.07e-09 V                   ; 2.38 V              ; -0.0144 V           ; 0.227 V                              ; 0.024 V                              ; 3.14e-10 s                  ; 3.39e-10 s                  ; Yes                        ; Yes                        ; 2.32 V                      ; 3.07e-09 V                  ; 2.38 V             ; -0.0144 V          ; 0.227 V                             ; 0.024 V                             ; 3.14e-10 s                 ; 3.39e-10 s                 ; Yes                       ; Yes                       ;
; seg0[4]       ; 2.5 V        ; 0 s                 ; 0 s                 ; 2.32 V                       ; 3.07e-09 V                   ; 2.38 V              ; -0.0144 V           ; 0.227 V                              ; 0.024 V                              ; 3.14e-10 s                  ; 3.39e-10 s                  ; Yes                        ; Yes                        ; 2.32 V                      ; 3.07e-09 V                  ; 2.38 V             ; -0.0144 V          ; 0.227 V                             ; 0.024 V                             ; 3.14e-10 s                 ; 3.39e-10 s                 ; Yes                       ; Yes                       ;
; seg0[5]       ; 2.5 V        ; 0 s                 ; 0 s                 ; 2.32 V                       ; 3.07e-09 V                   ; 2.33 V              ; -0.00496 V          ; 0.223 V                              ; 0.086 V                              ; 2.9e-09 s                   ; 2.73e-09 s                  ; Yes                        ; Yes                        ; 2.32 V                      ; 3.07e-09 V                  ; 2.33 V             ; -0.00496 V         ; 0.223 V                             ; 0.086 V                             ; 2.9e-09 s                  ; 2.73e-09 s                 ; Yes                       ; Yes                       ;
; seg0[6]       ; 2.5 V        ; 0 s                 ; 0 s                 ; 2.32 V                       ; 3.07e-09 V                   ; 2.38 V              ; -0.0144 V           ; 0.227 V                              ; 0.024 V                              ; 3.14e-10 s                  ; 3.39e-10 s                  ; Yes                        ; Yes                        ; 2.32 V                      ; 3.07e-09 V                  ; 2.38 V             ; -0.0144 V          ; 0.227 V                             ; 0.024 V                             ; 3.14e-10 s                 ; 3.39e-10 s                 ; Yes                       ; Yes                       ;
; seg1[0]       ; 2.5 V        ; 0 s                 ; 0 s                 ; 2.32 V                       ; 3.07e-09 V                   ; 2.38 V              ; -0.0144 V           ; 0.227 V                              ; 0.024 V                              ; 3.14e-10 s                  ; 3.39e-10 s                  ; Yes                        ; Yes                        ; 2.32 V                      ; 3.07e-09 V                  ; 2.38 V             ; -0.0144 V          ; 0.227 V                             ; 0.024 V                             ; 3.14e-10 s                 ; 3.39e-10 s                 ; Yes                       ; Yes                       ;
; seg1[1]       ; 2.5 V        ; 0 s                 ; 0 s                 ; 2.32 V                       ; 3.07e-09 V                   ; 2.37 V              ; -0.00994 V          ; 0.186 V                              ; 0.028 V                              ; 4.98e-10 s                  ; 4.96e-10 s                  ; Yes                        ; Yes                        ; 2.32 V                      ; 3.07e-09 V                  ; 2.37 V             ; -0.00994 V         ; 0.186 V                             ; 0.028 V                             ; 4.98e-10 s                 ; 4.96e-10 s                 ; Yes                       ; Yes                       ;
; seg1[2]       ; 2.5 V        ; 0 s                 ; 0 s                 ; 2.32 V                       ; 3.07e-09 V                   ; 2.37 V              ; -0.00994 V          ; 0.186 V                              ; 0.028 V                              ; 4.98e-10 s                  ; 4.96e-10 s                  ; Yes                        ; Yes                        ; 2.32 V                      ; 3.07e-09 V                  ; 2.37 V             ; -0.00994 V         ; 0.186 V                             ; 0.028 V                             ; 4.98e-10 s                 ; 4.96e-10 s                 ; Yes                       ; Yes                       ;
; seg1[3]       ; 2.5 V        ; 0 s                 ; 0 s                 ; 2.32 V                       ; 3.07e-09 V                   ; 2.37 V              ; -0.00994 V          ; 0.186 V                              ; 0.028 V                              ; 4.98e-10 s                  ; 4.96e-10 s                  ; Yes                        ; Yes                        ; 2.32 V                      ; 3.07e-09 V                  ; 2.37 V             ; -0.00994 V         ; 0.186 V                             ; 0.028 V                             ; 4.98e-10 s                 ; 4.96e-10 s                 ; Yes                       ; Yes                       ;
; seg1[4]       ; 2.5 V        ; 0 s                 ; 0 s                 ; 2.32 V                       ; 3.07e-09 V                   ; 2.37 V              ; -0.00994 V          ; 0.186 V                              ; 0.028 V                              ; 4.98e-10 s                  ; 4.96e-10 s                  ; Yes                        ; Yes                        ; 2.32 V                      ; 3.07e-09 V                  ; 2.37 V             ; -0.00994 V         ; 0.186 V                             ; 0.028 V                             ; 4.98e-10 s                 ; 4.96e-10 s                 ; Yes                       ; Yes                       ;
; seg1[5]       ; 2.5 V        ; 0 s                 ; 0 s                 ; 2.32 V                       ; 3.07e-09 V                   ; 2.33 V              ; -0.00496 V          ; 0.223 V                              ; 0.086 V                              ; 2.9e-09 s                   ; 2.73e-09 s                  ; Yes                        ; Yes                        ; 2.32 V                      ; 3.07e-09 V                  ; 2.33 V             ; -0.00496 V         ; 0.223 V                             ; 0.086 V                             ; 2.9e-09 s                  ; 2.73e-09 s                 ; Yes                       ; Yes                       ;
; seg1[6]       ; 2.5 V        ; 0 s                 ; 0 s                 ; 2.32 V                       ; 3.07e-09 V                   ; 2.33 V              ; -0.00496 V          ; 0.223 V                              ; 0.086 V                              ; 2.9e-09 s                   ; 2.73e-09 s                  ; Yes                        ; Yes                        ; 2.32 V                      ; 3.07e-09 V                  ; 2.33 V             ; -0.00496 V         ; 0.223 V                             ; 0.086 V                             ; 2.9e-09 s                  ; 2.73e-09 s                 ; Yes                       ; Yes                       ;
; seg2[0]       ; 2.5 V        ; 0 s                 ; 0 s                 ; 2.32 V                       ; 3.07e-09 V                   ; 2.37 V              ; -0.00994 V          ; 0.186 V                              ; 0.028 V                              ; 4.98e-10 s                  ; 4.96e-10 s                  ; Yes                        ; Yes                        ; 2.32 V                      ; 3.07e-09 V                  ; 2.37 V             ; -0.00994 V         ; 0.186 V                             ; 0.028 V                             ; 4.98e-10 s                 ; 4.96e-10 s                 ; Yes                       ; Yes                       ;
; seg2[1]       ; 2.5 V        ; 0 s                 ; 0 s                 ; 2.32 V                       ; 3.07e-09 V                   ; 2.37 V              ; -0.00994 V          ; 0.186 V                              ; 0.028 V                              ; 4.98e-10 s                  ; 4.96e-10 s                  ; Yes                        ; Yes                        ; 2.32 V                      ; 3.07e-09 V                  ; 2.37 V             ; -0.00994 V         ; 0.186 V                             ; 0.028 V                             ; 4.98e-10 s                 ; 4.96e-10 s                 ; Yes                       ; Yes                       ;
; seg2[2]       ; 2.5 V        ; 0 s                 ; 0 s                 ; 2.32 V                       ; 3.07e-09 V                   ; 2.37 V              ; -0.00994 V          ; 0.186 V                              ; 0.028 V                              ; 4.98e-10 s                  ; 4.96e-10 s                  ; Yes                        ; Yes                        ; 2.32 V                      ; 3.07e-09 V                  ; 2.37 V             ; -0.00994 V         ; 0.186 V                             ; 0.028 V                             ; 4.98e-10 s                 ; 4.96e-10 s                 ; Yes                       ; Yes                       ;
; seg2[3]       ; 2.5 V        ; 0 s                 ; 0 s                 ; 2.32 V                       ; 3.07e-09 V                   ; 2.37 V              ; -0.00994 V          ; 0.186 V                              ; 0.028 V                              ; 4.98e-10 s                  ; 4.96e-10 s                  ; Yes                        ; Yes                        ; 2.32 V                      ; 3.07e-09 V                  ; 2.37 V             ; -0.00994 V         ; 0.186 V                             ; 0.028 V                             ; 4.98e-10 s                 ; 4.96e-10 s                 ; Yes                       ; Yes                       ;
; seg2[4]       ; 2.5 V        ; 0 s                 ; 0 s                 ; 2.32 V                       ; 3.07e-09 V                   ; 2.37 V              ; -0.00994 V          ; 0.186 V                              ; 0.028 V                              ; 4.98e-10 s                  ; 4.96e-10 s                  ; Yes                        ; Yes                        ; 2.32 V                      ; 3.07e-09 V                  ; 2.37 V             ; -0.00994 V         ; 0.186 V                             ; 0.028 V                             ; 4.98e-10 s                 ; 4.96e-10 s                 ; Yes                       ; Yes                       ;
; seg2[5]       ; 2.5 V        ; 0 s                 ; 0 s                 ; 2.32 V                       ; 3.07e-09 V                   ; 2.37 V              ; -0.00994 V          ; 0.186 V                              ; 0.028 V                              ; 4.98e-10 s                  ; 4.96e-10 s                  ; Yes                        ; Yes                        ; 2.32 V                      ; 3.07e-09 V                  ; 2.37 V             ; -0.00994 V         ; 0.186 V                             ; 0.028 V                             ; 4.98e-10 s                 ; 4.96e-10 s                 ; Yes                       ; Yes                       ;
; seg2[6]       ; 2.5 V        ; 0 s                 ; 0 s                 ; 2.32 V                       ; 3.07e-09 V                   ; 2.37 V              ; -0.00994 V          ; 0.186 V                              ; 0.028 V                              ; 4.98e-10 s                  ; 4.96e-10 s                  ; Yes                        ; Yes                        ; 2.32 V                      ; 3.07e-09 V                  ; 2.37 V             ; -0.00994 V         ; 0.186 V                             ; 0.028 V                             ; 4.98e-10 s                 ; 4.96e-10 s                 ; Yes                       ; Yes                       ;
; seg3[0]       ; 2.5 V        ; 0 s                 ; 0 s                 ; 2.32 V                       ; 3.07e-09 V                   ; 2.37 V              ; -0.00994 V          ; 0.186 V                              ; 0.028 V                              ; 4.98e-10 s                  ; 4.96e-10 s                  ; Yes                        ; Yes                        ; 2.32 V                      ; 3.07e-09 V                  ; 2.37 V             ; -0.00994 V         ; 0.186 V                             ; 0.028 V                             ; 4.98e-10 s                 ; 4.96e-10 s                 ; Yes                       ; Yes                       ;
; seg3[1]       ; 2.5 V        ; 0 s                 ; 0 s                 ; 2.32 V                       ; 3.07e-09 V                   ; 2.38 V              ; -0.0144 V           ; 0.227 V                              ; 0.024 V                              ; 3.14e-10 s                  ; 3.39e-10 s                  ; Yes                        ; Yes                        ; 2.32 V                      ; 3.07e-09 V                  ; 2.38 V             ; -0.0144 V          ; 0.227 V                             ; 0.024 V                             ; 3.14e-10 s                 ; 3.39e-10 s                 ; Yes                       ; Yes                       ;
; seg3[2]       ; 2.5 V        ; 0 s                 ; 0 s                 ; 2.32 V                       ; 4.49e-09 V                   ; 2.33 V              ; -0.00467 V          ; 0.226 V                              ; 0.087 V                              ; 2.91e-09 s                  ; 2.74e-09 s                  ; Yes                        ; Yes                        ; 2.32 V                      ; 4.49e-09 V                  ; 2.33 V             ; -0.00467 V         ; 0.226 V                             ; 0.087 V                             ; 2.91e-09 s                 ; 2.74e-09 s                 ; Yes                       ; Yes                       ;
; seg3[3]       ; 2.5 V        ; 0 s                 ; 0 s                 ; 2.32 V                       ; 4.49e-09 V                   ; 2.38 V              ; -0.00552 V          ; 0.096 V                              ; 0.019 V                              ; 4.18e-10 s                  ; 3.59e-10 s                  ; No                         ; Yes                        ; 2.32 V                      ; 4.49e-09 V                  ; 2.38 V             ; -0.00552 V         ; 0.096 V                             ; 0.019 V                             ; 4.18e-10 s                 ; 3.59e-10 s                 ; No                        ; Yes                       ;
; seg3[4]       ; 2.5 V        ; 0 s                 ; 0 s                 ; 2.32 V                       ; 4.49e-09 V                   ; 2.38 V              ; -0.00552 V          ; 0.096 V                              ; 0.019 V                              ; 4.18e-10 s                  ; 3.59e-10 s                  ; No                         ; Yes                        ; 2.32 V                      ; 4.49e-09 V                  ; 2.38 V             ; -0.00552 V         ; 0.096 V                             ; 0.019 V                             ; 4.18e-10 s                 ; 3.59e-10 s                 ; No                        ; Yes                       ;
; seg3[5]       ; 2.5 V        ; 0 s                 ; 0 s                 ; 2.32 V                       ; 4.49e-09 V                   ; 2.38 V              ; -0.00552 V          ; 0.096 V                              ; 0.019 V                              ; 4.18e-10 s                  ; 3.59e-10 s                  ; No                         ; Yes                        ; 2.32 V                      ; 4.49e-09 V                  ; 2.38 V             ; -0.00552 V         ; 0.096 V                             ; 0.019 V                             ; 4.18e-10 s                 ; 3.59e-10 s                 ; No                        ; Yes                       ;
; seg3[6]       ; 2.5 V        ; 0 s                 ; 0 s                 ; 2.32 V                       ; 4.49e-09 V                   ; 2.38 V              ; -0.00552 V          ; 0.096 V                              ; 0.019 V                              ; 4.18e-10 s                  ; 3.59e-10 s                  ; No                         ; Yes                        ; 2.32 V                      ; 4.49e-09 V                  ; 2.38 V             ; -0.00552 V         ; 0.096 V                             ; 0.019 V                             ; 4.18e-10 s                 ; 3.59e-10 s                 ; No                        ; Yes                       ;
; ~ALTERA_DCLK~ ; 2.5 V        ; 0 s                 ; 0 s                 ; 2.32 V                       ; 2.67e-09 V                   ; 2.38 V              ; -0.0485 V           ; 0.167 V                              ; 0.096 V                              ; 2.95e-10 s                  ; 2.73e-10 s                  ; Yes                        ; Yes                        ; 2.32 V                      ; 2.67e-09 V                  ; 2.38 V             ; -0.0485 V          ; 0.167 V                             ; 0.096 V                             ; 2.95e-10 s                 ; 2.73e-10 s                 ; Yes                       ; Yes                       ;
; ~ALTERA_nCEO~ ; 2.5 V        ; 0 s                 ; 0 s                 ; 2.32 V                       ; 4.18e-09 V                   ; 2.38 V              ; -0.00483 V          ; 0.152 V                              ; 0.012 V                              ; 4.81e-10 s                  ; 6.29e-10 s                  ; Yes                        ; Yes                        ; 2.32 V                      ; 4.18e-09 V                  ; 2.38 V             ; -0.00483 V         ; 0.152 V                             ; 0.012 V                             ; 4.81e-10 s                 ; 6.29e-10 s                 ; Yes                       ; Yes                       ;
+---------------+--------------+---------------------+---------------------+------------------------------+------------------------------+---------------------+---------------------+--------------------------------------+--------------------------------------+-----------------------------+-----------------------------+----------------------------+----------------------------+-----------------------------+-----------------------------+--------------------+--------------------+-------------------------------------+-------------------------------------+----------------------------+----------------------------+---------------------------+---------------------------+


+--------------------------------------------------------------------------------------------------------------------------------------------------------------------------------------------------------------------------------------------------------------------------------------------------------------------------------------------------------------------------------------------------------------------------------------------------------------------------------------------------------------------------------------------------------------------------------------------------------------------------------------------------------------------------------------------+
; Signal Integrity Metrics (Slow 1200mv 85c Model)                                                                                                                                                                                                                                                                                                                                                                                                                                                                                                                                                                                                                                           ;
+---------------+--------------+---------------------+---------------------+------------------------------+------------------------------+---------------------+---------------------+--------------------------------------+--------------------------------------+-----------------------------+-----------------------------+----------------------------+----------------------------+-----------------------------+-----------------------------+--------------------+--------------------+-------------------------------------+-------------------------------------+----------------------------+----------------------------+---------------------------+---------------------------+
; Pin           ; I/O Standard ; Board Delay on Rise ; Board Delay on Fall ; Steady State Voh at FPGA Pin ; Steady State Vol at FPGA Pin ; Voh Max at FPGA Pin ; Vol Min at FPGA Pin ; Ringback Voltage on Rise at FPGA Pin ; Ringback Voltage on Fall at FPGA Pin ; 10-90 Rise Time at FPGA Pin ; 90-10 Fall Time at FPGA Pin ; Monotonic Rise at FPGA Pin ; Monotonic Fall at FPGA Pin ; Steady State Voh at Far-end ; Steady State Vol at Far-end ; Voh Max at Far-end ; Vol Min at Far-end ; Ringback Voltage on Rise at Far-end ; Ringback Voltage on Fall at Far-end ; 10-90 Rise Time at Far-end ; 90-10 Fall Time at Far-end ; Monotonic Rise at Far-end ; Monotonic Fall at Far-end ;
+---------------+--------------+---------------------+---------------------+------------------------------+------------------------------+---------------------+---------------------+--------------------------------------+--------------------------------------+-----------------------------+-----------------------------+----------------------------+----------------------------+-----------------------------+-----------------------------+--------------------+--------------------+-------------------------------------+-------------------------------------+----------------------------+----------------------------+---------------------------+---------------------------+
; last          ; 2.5 V        ; 0 s                 ; 0 s                 ; 2.32 V                       ; 6.92e-07 V                   ; 2.35 V              ; -0.00996 V          ; 0.121 V                              ; 0.03 V                               ; 4.64e-10 s                  ; 4.47e-10 s                  ; Yes                        ; Yes                        ; 2.32 V                      ; 6.92e-07 V                  ; 2.35 V             ; -0.00996 V         ; 0.121 V                             ; 0.03 V                              ; 4.64e-10 s                 ; 4.47e-10 s                 ; Yes                       ; Yes                       ;
; seg0[0]       ; 2.5 V        ; 0 s                 ; 0 s                 ; 2.32 V                       ; 6.92e-07 V                   ; 2.35 V              ; -0.00996 V          ; 0.121 V                              ; 0.03 V                               ; 4.64e-10 s                  ; 4.47e-10 s                  ; Yes                        ; Yes                        ; 2.32 V                      ; 6.92e-07 V                  ; 2.35 V             ; -0.00996 V         ; 0.121 V                             ; 0.03 V                              ; 4.64e-10 s                 ; 4.47e-10 s                 ; Yes                       ; Yes                       ;
; seg0[1]       ; 2.5 V        ; 0 s                 ; 0 s                 ; 2.32 V                       ; 6.92e-07 V                   ; 2.33 V              ; -0.00265 V          ; 0.133 V                              ; 0.056 V                              ; 3.55e-09 s                  ; 3.31e-09 s                  ; Yes                        ; Yes                        ; 2.32 V                      ; 6.92e-07 V                  ; 2.33 V             ; -0.00265 V         ; 0.133 V                             ; 0.056 V                             ; 3.55e-09 s                 ; 3.31e-09 s                 ; Yes                       ; Yes                       ;
; seg0[2]       ; 2.5 V        ; 0 s                 ; 0 s                 ; 2.32 V                       ; 6.92e-07 V                   ; 2.35 V              ; -0.00996 V          ; 0.121 V                              ; 0.03 V                               ; 4.64e-10 s                  ; 4.47e-10 s                  ; Yes                        ; Yes                        ; 2.32 V                      ; 6.92e-07 V                  ; 2.35 V             ; -0.00996 V         ; 0.121 V                             ; 0.03 V                              ; 4.64e-10 s                 ; 4.47e-10 s                 ; Yes                       ; Yes                       ;
; seg0[3]       ; 2.5 V        ; 0 s                 ; 0 s                 ; 2.32 V                       ; 4.67e-07 V                   ; 2.36 V              ; -0.00552 V          ; 0.11 V                               ; 0.007 V                              ; 4.54e-10 s                  ; 4.35e-10 s                  ; Yes                        ; Yes                        ; 2.32 V                      ; 4.67e-07 V                  ; 2.36 V             ; -0.00552 V         ; 0.11 V                              ; 0.007 V                             ; 4.54e-10 s                 ; 4.35e-10 s                 ; Yes                       ; Yes                       ;
; seg0[4]       ; 2.5 V        ; 0 s                 ; 0 s                 ; 2.32 V                       ; 4.67e-07 V                   ; 2.36 V              ; -0.00552 V          ; 0.11 V                               ; 0.007 V                              ; 4.54e-10 s                  ; 4.35e-10 s                  ; Yes                        ; Yes                        ; 2.32 V                      ; 4.67e-07 V                  ; 2.36 V             ; -0.00552 V         ; 0.11 V                              ; 0.007 V                             ; 4.54e-10 s                 ; 4.35e-10 s                 ; Yes                       ; Yes                       ;
; seg0[5]       ; 2.5 V        ; 0 s                 ; 0 s                 ; 2.32 V                       ; 4.67e-07 V                   ; 2.33 V              ; -0.00269 V          ; 0.13 V                               ; 0.055 V                              ; 3.54e-09 s                  ; 3.29e-09 s                  ; Yes                        ; Yes                        ; 2.32 V                      ; 4.67e-07 V                  ; 2.33 V             ; -0.00269 V         ; 0.13 V                              ; 0.055 V                             ; 3.54e-09 s                 ; 3.29e-09 s                 ; Yes                       ; Yes                       ;
; seg0[6]       ; 2.5 V        ; 0 s                 ; 0 s                 ; 2.32 V                       ; 4.67e-07 V                   ; 2.36 V              ; -0.00552 V          ; 0.11 V                               ; 0.007 V                              ; 4.54e-10 s                  ; 4.35e-10 s                  ; Yes                        ; Yes                        ; 2.32 V                      ; 4.67e-07 V                  ; 2.36 V             ; -0.00552 V         ; 0.11 V                              ; 0.007 V                             ; 4.54e-10 s                 ; 4.35e-10 s                 ; Yes                       ; Yes                       ;
; seg1[0]       ; 2.5 V        ; 0 s                 ; 0 s                 ; 2.32 V                       ; 4.67e-07 V                   ; 2.36 V              ; -0.00552 V          ; 0.11 V                               ; 0.007 V                              ; 4.54e-10 s                  ; 4.35e-10 s                  ; Yes                        ; Yes                        ; 2.32 V                      ; 4.67e-07 V                  ; 2.36 V             ; -0.00552 V         ; 0.11 V                              ; 0.007 V                             ; 4.54e-10 s                 ; 4.35e-10 s                 ; Yes                       ; Yes                       ;
; seg1[1]       ; 2.5 V        ; 0 s                 ; 0 s                 ; 2.32 V                       ; 4.67e-07 V                   ; 2.35 V              ; -0.00942 V          ; 0.116 V                              ; 0.033 V                              ; 6.66e-10 s                  ; 6.27e-10 s                  ; Yes                        ; Yes                        ; 2.32 V                      ; 4.67e-07 V                  ; 2.35 V             ; -0.00942 V         ; 0.116 V                             ; 0.033 V                             ; 6.66e-10 s                 ; 6.27e-10 s                 ; Yes                       ; Yes                       ;
; seg1[2]       ; 2.5 V        ; 0 s                 ; 0 s                 ; 2.32 V                       ; 4.67e-07 V                   ; 2.35 V              ; -0.00942 V          ; 0.116 V                              ; 0.033 V                              ; 6.66e-10 s                  ; 6.27e-10 s                  ; Yes                        ; Yes                        ; 2.32 V                      ; 4.67e-07 V                  ; 2.35 V             ; -0.00942 V         ; 0.116 V                             ; 0.033 V                             ; 6.66e-10 s                 ; 6.27e-10 s                 ; Yes                       ; Yes                       ;
; seg1[3]       ; 2.5 V        ; 0 s                 ; 0 s                 ; 2.32 V                       ; 4.67e-07 V                   ; 2.35 V              ; -0.00942 V          ; 0.116 V                              ; 0.033 V                              ; 6.66e-10 s                  ; 6.27e-10 s                  ; Yes                        ; Yes                        ; 2.32 V                      ; 4.67e-07 V                  ; 2.35 V             ; -0.00942 V         ; 0.116 V                             ; 0.033 V                             ; 6.66e-10 s                 ; 6.27e-10 s                 ; Yes                       ; Yes                       ;
; seg1[4]       ; 2.5 V        ; 0 s                 ; 0 s                 ; 2.32 V                       ; 4.67e-07 V                   ; 2.35 V              ; -0.00942 V          ; 0.116 V                              ; 0.033 V                              ; 6.66e-10 s                  ; 6.27e-10 s                  ; Yes                        ; Yes                        ; 2.32 V                      ; 4.67e-07 V                  ; 2.35 V             ; -0.00942 V         ; 0.116 V                             ; 0.033 V                             ; 6.66e-10 s                 ; 6.27e-10 s                 ; Yes                       ; Yes                       ;
; seg1[5]       ; 2.5 V        ; 0 s                 ; 0 s                 ; 2.32 V                       ; 4.67e-07 V                   ; 2.33 V              ; -0.00269 V          ; 0.13 V                               ; 0.055 V                              ; 3.54e-09 s                  ; 3.29e-09 s                  ; Yes                        ; Yes                        ; 2.32 V                      ; 4.67e-07 V                  ; 2.33 V             ; -0.00269 V         ; 0.13 V                              ; 0.055 V                             ; 3.54e-09 s                 ; 3.29e-09 s                 ; Yes                       ; Yes                       ;
; seg1[6]       ; 2.5 V        ; 0 s                 ; 0 s                 ; 2.32 V                       ; 4.67e-07 V                   ; 2.33 V              ; -0.00269 V          ; 0.13 V                               ; 0.055 V                              ; 3.54e-09 s                  ; 3.29e-09 s                  ; Yes                        ; Yes                        ; 2.32 V                      ; 4.67e-07 V                  ; 2.33 V             ; -0.00269 V         ; 0.13 V                              ; 0.055 V                             ; 3.54e-09 s                 ; 3.29e-09 s                 ; Yes                       ; Yes                       ;
; seg2[0]       ; 2.5 V        ; 0 s                 ; 0 s                 ; 2.32 V                       ; 4.67e-07 V                   ; 2.35 V              ; -0.00942 V          ; 0.116 V                              ; 0.033 V                              ; 6.66e-10 s                  ; 6.27e-10 s                  ; Yes                        ; Yes                        ; 2.32 V                      ; 4.67e-07 V                  ; 2.35 V             ; -0.00942 V         ; 0.116 V                             ; 0.033 V                             ; 6.66e-10 s                 ; 6.27e-10 s                 ; Yes                       ; Yes                       ;
; seg2[1]       ; 2.5 V        ; 0 s                 ; 0 s                 ; 2.32 V                       ; 4.67e-07 V                   ; 2.35 V              ; -0.00942 V          ; 0.116 V                              ; 0.033 V                              ; 6.66e-10 s                  ; 6.27e-10 s                  ; Yes                        ; Yes                        ; 2.32 V                      ; 4.67e-07 V                  ; 2.35 V             ; -0.00942 V         ; 0.116 V                             ; 0.033 V                             ; 6.66e-10 s                 ; 6.27e-10 s                 ; Yes                       ; Yes                       ;
; seg2[2]       ; 2.5 V        ; 0 s                 ; 0 s                 ; 2.32 V                       ; 4.67e-07 V                   ; 2.35 V              ; -0.00942 V          ; 0.116 V                              ; 0.033 V                              ; 6.66e-10 s                  ; 6.27e-10 s                  ; Yes                        ; Yes                        ; 2.32 V                      ; 4.67e-07 V                  ; 2.35 V             ; -0.00942 V         ; 0.116 V                             ; 0.033 V                             ; 6.66e-10 s                 ; 6.27e-10 s                 ; Yes                       ; Yes                       ;
; seg2[3]       ; 2.5 V        ; 0 s                 ; 0 s                 ; 2.32 V                       ; 4.67e-07 V                   ; 2.35 V              ; -0.00942 V          ; 0.116 V                              ; 0.033 V                              ; 6.66e-10 s                  ; 6.27e-10 s                  ; Yes                        ; Yes                        ; 2.32 V                      ; 4.67e-07 V                  ; 2.35 V             ; -0.00942 V         ; 0.116 V                             ; 0.033 V                             ; 6.66e-10 s                 ; 6.27e-10 s                 ; Yes                       ; Yes                       ;
; seg2[4]       ; 2.5 V        ; 0 s                 ; 0 s                 ; 2.32 V                       ; 4.67e-07 V                   ; 2.35 V              ; -0.00942 V          ; 0.116 V                              ; 0.033 V                              ; 6.66e-10 s                  ; 6.27e-10 s                  ; Yes                        ; Yes                        ; 2.32 V                      ; 4.67e-07 V                  ; 2.35 V             ; -0.00942 V         ; 0.116 V                             ; 0.033 V                             ; 6.66e-10 s                 ; 6.27e-10 s                 ; Yes                       ; Yes                       ;
; seg2[5]       ; 2.5 V        ; 0 s                 ; 0 s                 ; 2.32 V                       ; 4.67e-07 V                   ; 2.35 V              ; -0.00942 V          ; 0.116 V                              ; 0.033 V                              ; 6.66e-10 s                  ; 6.27e-10 s                  ; Yes                        ; Yes                        ; 2.32 V                      ; 4.67e-07 V                  ; 2.35 V             ; -0.00942 V         ; 0.116 V                             ; 0.033 V                             ; 6.66e-10 s                 ; 6.27e-10 s                 ; Yes                       ; Yes                       ;
; seg2[6]       ; 2.5 V        ; 0 s                 ; 0 s                 ; 2.32 V                       ; 4.67e-07 V                   ; 2.35 V              ; -0.00942 V          ; 0.116 V                              ; 0.033 V                              ; 6.66e-10 s                  ; 6.27e-10 s                  ; Yes                        ; Yes                        ; 2.32 V                      ; 4.67e-07 V                  ; 2.35 V             ; -0.00942 V         ; 0.116 V                             ; 0.033 V                             ; 6.66e-10 s                 ; 6.27e-10 s                 ; Yes                       ; Yes                       ;
; seg3[0]       ; 2.5 V        ; 0 s                 ; 0 s                 ; 2.32 V                       ; 4.67e-07 V                   ; 2.35 V              ; -0.00942 V          ; 0.116 V                              ; 0.033 V                              ; 6.66e-10 s                  ; 6.27e-10 s                  ; Yes                        ; Yes                        ; 2.32 V                      ; 4.67e-07 V                  ; 2.35 V             ; -0.00942 V         ; 0.116 V                             ; 0.033 V                             ; 6.66e-10 s                 ; 6.27e-10 s                 ; Yes                       ; Yes                       ;
; seg3[1]       ; 2.5 V        ; 0 s                 ; 0 s                 ; 2.32 V                       ; 4.67e-07 V                   ; 2.36 V              ; -0.00552 V          ; 0.11 V                               ; 0.007 V                              ; 4.54e-10 s                  ; 4.35e-10 s                  ; Yes                        ; Yes                        ; 2.32 V                      ; 4.67e-07 V                  ; 2.36 V             ; -0.00552 V         ; 0.11 V                              ; 0.007 V                             ; 4.54e-10 s                 ; 4.35e-10 s                 ; Yes                       ; Yes                       ;
; seg3[2]       ; 2.5 V        ; 0 s                 ; 0 s                 ; 2.32 V                       ; 6.92e-07 V                   ; 2.33 V              ; -0.00265 V          ; 0.133 V                              ; 0.056 V                              ; 3.55e-09 s                  ; 3.31e-09 s                  ; Yes                        ; Yes                        ; 2.32 V                      ; 6.92e-07 V                  ; 2.33 V             ; -0.00265 V         ; 0.133 V                             ; 0.056 V                             ; 3.55e-09 s                 ; 3.31e-09 s                 ; Yes                       ; Yes                       ;
; seg3[3]       ; 2.5 V        ; 0 s                 ; 0 s                 ; 2.32 V                       ; 6.92e-07 V                   ; 2.35 V              ; -0.00996 V          ; 0.121 V                              ; 0.03 V                               ; 4.64e-10 s                  ; 4.47e-10 s                  ; Yes                        ; Yes                        ; 2.32 V                      ; 6.92e-07 V                  ; 2.35 V             ; -0.00996 V         ; 0.121 V                             ; 0.03 V                              ; 4.64e-10 s                 ; 4.47e-10 s                 ; Yes                       ; Yes                       ;
; seg3[4]       ; 2.5 V        ; 0 s                 ; 0 s                 ; 2.32 V                       ; 6.92e-07 V                   ; 2.35 V              ; -0.00996 V          ; 0.121 V                              ; 0.03 V                               ; 4.64e-10 s                  ; 4.47e-10 s                  ; Yes                        ; Yes                        ; 2.32 V                      ; 6.92e-07 V                  ; 2.35 V             ; -0.00996 V         ; 0.121 V                             ; 0.03 V                              ; 4.64e-10 s                 ; 4.47e-10 s                 ; Yes                       ; Yes                       ;
; seg3[5]       ; 2.5 V        ; 0 s                 ; 0 s                 ; 2.32 V                       ; 6.92e-07 V                   ; 2.35 V              ; -0.00996 V          ; 0.121 V                              ; 0.03 V                               ; 4.64e-10 s                  ; 4.47e-10 s                  ; Yes                        ; Yes                        ; 2.32 V                      ; 6.92e-07 V                  ; 2.35 V             ; -0.00996 V         ; 0.121 V                             ; 0.03 V                              ; 4.64e-10 s                 ; 4.47e-10 s                 ; Yes                       ; Yes                       ;
; seg3[6]       ; 2.5 V        ; 0 s                 ; 0 s                 ; 2.32 V                       ; 6.92e-07 V                   ; 2.35 V              ; -0.00996 V          ; 0.121 V                              ; 0.03 V                               ; 4.64e-10 s                  ; 4.47e-10 s                  ; Yes                        ; Yes                        ; 2.32 V                      ; 6.92e-07 V                  ; 2.35 V             ; -0.00996 V         ; 0.121 V                             ; 0.03 V                              ; 4.64e-10 s                 ; 4.47e-10 s                 ; Yes                       ; Yes                       ;
; ~ALTERA_DCLK~ ; 2.5 V        ; 0 s                 ; 0 s                 ; 2.32 V                       ; 3.75e-07 V                   ; 2.35 V              ; -0.0109 V           ; 0.084 V                              ; 0.027 V                              ; 4.31e-10 s                  ; 3.61e-10 s                  ; Yes                        ; Yes                        ; 2.32 V                      ; 3.75e-07 V                  ; 2.35 V             ; -0.0109 V          ; 0.084 V                             ; 0.027 V                             ; 4.31e-10 s                 ; 3.61e-10 s                 ; Yes                       ; Yes                       ;
; ~ALTERA_nCEO~ ; 2.5 V        ; 0 s                 ; 0 s                 ; 2.32 V                       ; 6.15e-07 V                   ; 2.35 V              ; -0.00712 V          ; 0.093 V                              ; 0.02 V                               ; 6.21e-10 s                  ; 7.9e-10 s                   ; Yes                        ; Yes                        ; 2.32 V                      ; 6.15e-07 V                  ; 2.35 V             ; -0.00712 V         ; 0.093 V                             ; 0.02 V                              ; 6.21e-10 s                 ; 7.9e-10 s                  ; Yes                       ; Yes                       ;
+---------------+--------------+---------------------+---------------------+------------------------------+------------------------------+---------------------+---------------------+--------------------------------------+--------------------------------------+-----------------------------+-----------------------------+----------------------------+----------------------------+-----------------------------+-----------------------------+--------------------+--------------------+-------------------------------------+-------------------------------------+----------------------------+----------------------------+---------------------------+---------------------------+


+--------------------------------------------------------------------------------------------------------------------------------------------------------------------------------------------------------------------------------------------------------------------------------------------------------------------------------------------------------------------------------------------------------------------------------------------------------------------------------------------------------------------------------------------------------------------------------------------------------------------------------------------------------------------------------------------+
; Signal Integrity Metrics (Fast 1200mv 0c Model)                                                                                                                                                                                                                                                                                                                                                                                                                                                                                                                                                                                                                                            ;
+---------------+--------------+---------------------+---------------------+------------------------------+------------------------------+---------------------+---------------------+--------------------------------------+--------------------------------------+-----------------------------+-----------------------------+----------------------------+----------------------------+-----------------------------+-----------------------------+--------------------+--------------------+-------------------------------------+-------------------------------------+----------------------------+----------------------------+---------------------------+---------------------------+
; Pin           ; I/O Standard ; Board Delay on Rise ; Board Delay on Fall ; Steady State Voh at FPGA Pin ; Steady State Vol at FPGA Pin ; Voh Max at FPGA Pin ; Vol Min at FPGA Pin ; Ringback Voltage on Rise at FPGA Pin ; Ringback Voltage on Fall at FPGA Pin ; 10-90 Rise Time at FPGA Pin ; 90-10 Fall Time at FPGA Pin ; Monotonic Rise at FPGA Pin ; Monotonic Fall at FPGA Pin ; Steady State Voh at Far-end ; Steady State Vol at Far-end ; Voh Max at Far-end ; Vol Min at Far-end ; Ringback Voltage on Rise at Far-end ; Ringback Voltage on Fall at Far-end ; 10-90 Rise Time at Far-end ; 90-10 Fall Time at Far-end ; Monotonic Rise at Far-end ; Monotonic Fall at Far-end ;
+---------------+--------------+---------------------+---------------------+------------------------------+------------------------------+---------------------+---------------------+--------------------------------------+--------------------------------------+-----------------------------+-----------------------------+----------------------------+----------------------------+-----------------------------+-----------------------------+--------------------+--------------------+-------------------------------------+-------------------------------------+----------------------------+----------------------------+---------------------------+---------------------------+
; last          ; 2.5 V        ; 0 s                 ; 0 s                 ; 2.62 V                       ; 4.05e-08 V                   ; 2.72 V              ; -0.0349 V           ; 0.173 V                              ; 0.1 V                                ; 2.72e-10 s                  ; 2.69e-10 s                  ; Yes                        ; Yes                        ; 2.62 V                      ; 4.05e-08 V                  ; 2.72 V             ; -0.0349 V          ; 0.173 V                             ; 0.1 V                               ; 2.72e-10 s                 ; 2.69e-10 s                 ; Yes                       ; Yes                       ;
; seg0[0]       ; 2.5 V        ; 0 s                 ; 0 s                 ; 2.62 V                       ; 4.05e-08 V                   ; 2.72 V              ; -0.0349 V           ; 0.173 V                              ; 0.1 V                                ; 2.72e-10 s                  ; 2.69e-10 s                  ; Yes                        ; Yes                        ; 2.62 V                      ; 4.05e-08 V                  ; 2.72 V             ; -0.0349 V          ; 0.173 V                             ; 0.1 V                               ; 2.72e-10 s                 ; 2.69e-10 s                 ; Yes                       ; Yes                       ;
; seg0[1]       ; 2.5 V        ; 0 s                 ; 0 s                 ; 2.62 V                       ; 4.05e-08 V                   ; 2.64 V              ; -0.0113 V           ; 0.208 V                              ; 0.179 V                              ; 2.38e-09 s                  ; 2.23e-09 s                  ; No                         ; Yes                        ; 2.62 V                      ; 4.05e-08 V                  ; 2.64 V             ; -0.0113 V          ; 0.208 V                             ; 0.179 V                             ; 2.38e-09 s                 ; 2.23e-09 s                 ; No                        ; Yes                       ;
; seg0[2]       ; 2.5 V        ; 0 s                 ; 0 s                 ; 2.62 V                       ; 4.05e-08 V                   ; 2.72 V              ; -0.0349 V           ; 0.173 V                              ; 0.1 V                                ; 2.72e-10 s                  ; 2.69e-10 s                  ; Yes                        ; Yes                        ; 2.62 V                      ; 4.05e-08 V                  ; 2.72 V             ; -0.0349 V          ; 0.173 V                             ; 0.1 V                               ; 2.72e-10 s                 ; 2.69e-10 s                 ; Yes                       ; Yes                       ;
; seg0[3]       ; 2.5 V        ; 0 s                 ; 0 s                 ; 2.62 V                       ; 2.74e-08 V                   ; 2.73 V              ; -0.0384 V           ; 0.169 V                              ; 0.089 V                              ; 2.7e-10 s                   ; 2.62e-10 s                  ; Yes                        ; Yes                        ; 2.62 V                      ; 2.74e-08 V                  ; 2.73 V             ; -0.0384 V          ; 0.169 V                             ; 0.089 V                             ; 2.7e-10 s                  ; 2.62e-10 s                 ; Yes                       ; Yes                       ;
; seg0[4]       ; 2.5 V        ; 0 s                 ; 0 s                 ; 2.62 V                       ; 2.74e-08 V                   ; 2.73 V              ; -0.0384 V           ; 0.169 V                              ; 0.089 V                              ; 2.7e-10 s                   ; 2.62e-10 s                  ; Yes                        ; Yes                        ; 2.62 V                      ; 2.74e-08 V                  ; 2.73 V             ; -0.0384 V          ; 0.169 V                             ; 0.089 V                             ; 2.7e-10 s                  ; 2.62e-10 s                 ; Yes                       ; Yes                       ;
; seg0[5]       ; 2.5 V        ; 0 s                 ; 0 s                 ; 2.62 V                       ; 2.74e-08 V                   ; 2.64 V              ; -0.0117 V           ; 0.202 V                              ; 0.176 V                              ; 2.38e-09 s                  ; 2.22e-09 s                  ; No                         ; Yes                        ; 2.62 V                      ; 2.74e-08 V                  ; 2.64 V             ; -0.0117 V          ; 0.202 V                             ; 0.176 V                             ; 2.38e-09 s                 ; 2.22e-09 s                 ; No                        ; Yes                       ;
; seg0[6]       ; 2.5 V        ; 0 s                 ; 0 s                 ; 2.62 V                       ; 2.74e-08 V                   ; 2.73 V              ; -0.0384 V           ; 0.169 V                              ; 0.089 V                              ; 2.7e-10 s                   ; 2.62e-10 s                  ; Yes                        ; Yes                        ; 2.62 V                      ; 2.74e-08 V                  ; 2.73 V             ; -0.0384 V          ; 0.169 V                             ; 0.089 V                             ; 2.7e-10 s                  ; 2.62e-10 s                 ; Yes                       ; Yes                       ;
; seg1[0]       ; 2.5 V        ; 0 s                 ; 0 s                 ; 2.62 V                       ; 2.74e-08 V                   ; 2.73 V              ; -0.0384 V           ; 0.169 V                              ; 0.089 V                              ; 2.7e-10 s                   ; 2.62e-10 s                  ; Yes                        ; Yes                        ; 2.62 V                      ; 2.74e-08 V                  ; 2.73 V             ; -0.0384 V          ; 0.169 V                             ; 0.089 V                             ; 2.7e-10 s                  ; 2.62e-10 s                 ; Yes                       ; Yes                       ;
; seg1[1]       ; 2.5 V        ; 0 s                 ; 0 s                 ; 2.62 V                       ; 2.74e-08 V                   ; 2.71 V              ; -0.0317 V           ; 0.148 V                              ; 0.064 V                              ; 4.51e-10 s                  ; 4.15e-10 s                  ; No                         ; Yes                        ; 2.62 V                      ; 2.74e-08 V                  ; 2.71 V             ; -0.0317 V          ; 0.148 V                             ; 0.064 V                             ; 4.51e-10 s                 ; 4.15e-10 s                 ; No                        ; Yes                       ;
; seg1[2]       ; 2.5 V        ; 0 s                 ; 0 s                 ; 2.62 V                       ; 2.74e-08 V                   ; 2.71 V              ; -0.0317 V           ; 0.148 V                              ; 0.064 V                              ; 4.51e-10 s                  ; 4.15e-10 s                  ; No                         ; Yes                        ; 2.62 V                      ; 2.74e-08 V                  ; 2.71 V             ; -0.0317 V          ; 0.148 V                             ; 0.064 V                             ; 4.51e-10 s                 ; 4.15e-10 s                 ; No                        ; Yes                       ;
; seg1[3]       ; 2.5 V        ; 0 s                 ; 0 s                 ; 2.62 V                       ; 2.74e-08 V                   ; 2.71 V              ; -0.0317 V           ; 0.148 V                              ; 0.064 V                              ; 4.51e-10 s                  ; 4.15e-10 s                  ; No                         ; Yes                        ; 2.62 V                      ; 2.74e-08 V                  ; 2.71 V             ; -0.0317 V          ; 0.148 V                             ; 0.064 V                             ; 4.51e-10 s                 ; 4.15e-10 s                 ; No                        ; Yes                       ;
; seg1[4]       ; 2.5 V        ; 0 s                 ; 0 s                 ; 2.62 V                       ; 2.74e-08 V                   ; 2.71 V              ; -0.0317 V           ; 0.148 V                              ; 0.064 V                              ; 4.51e-10 s                  ; 4.15e-10 s                  ; No                         ; Yes                        ; 2.62 V                      ; 2.74e-08 V                  ; 2.71 V             ; -0.0317 V          ; 0.148 V                             ; 0.064 V                             ; 4.51e-10 s                 ; 4.15e-10 s                 ; No                        ; Yes                       ;
; seg1[5]       ; 2.5 V        ; 0 s                 ; 0 s                 ; 2.62 V                       ; 2.74e-08 V                   ; 2.64 V              ; -0.0117 V           ; 0.202 V                              ; 0.176 V                              ; 2.38e-09 s                  ; 2.22e-09 s                  ; No                         ; Yes                        ; 2.62 V                      ; 2.74e-08 V                  ; 2.64 V             ; -0.0117 V          ; 0.202 V                             ; 0.176 V                             ; 2.38e-09 s                 ; 2.22e-09 s                 ; No                        ; Yes                       ;
; seg1[6]       ; 2.5 V        ; 0 s                 ; 0 s                 ; 2.62 V                       ; 2.74e-08 V                   ; 2.64 V              ; -0.0117 V           ; 0.202 V                              ; 0.176 V                              ; 2.38e-09 s                  ; 2.22e-09 s                  ; No                         ; Yes                        ; 2.62 V                      ; 2.74e-08 V                  ; 2.64 V             ; -0.0117 V          ; 0.202 V                             ; 0.176 V                             ; 2.38e-09 s                 ; 2.22e-09 s                 ; No                        ; Yes                       ;
; seg2[0]       ; 2.5 V        ; 0 s                 ; 0 s                 ; 2.62 V                       ; 2.74e-08 V                   ; 2.71 V              ; -0.0317 V           ; 0.148 V                              ; 0.064 V                              ; 4.51e-10 s                  ; 4.15e-10 s                  ; No                         ; Yes                        ; 2.62 V                      ; 2.74e-08 V                  ; 2.71 V             ; -0.0317 V          ; 0.148 V                             ; 0.064 V                             ; 4.51e-10 s                 ; 4.15e-10 s                 ; No                        ; Yes                       ;
; seg2[1]       ; 2.5 V        ; 0 s                 ; 0 s                 ; 2.62 V                       ; 2.74e-08 V                   ; 2.71 V              ; -0.0317 V           ; 0.148 V                              ; 0.064 V                              ; 4.51e-10 s                  ; 4.15e-10 s                  ; No                         ; Yes                        ; 2.62 V                      ; 2.74e-08 V                  ; 2.71 V             ; -0.0317 V          ; 0.148 V                             ; 0.064 V                             ; 4.51e-10 s                 ; 4.15e-10 s                 ; No                        ; Yes                       ;
; seg2[2]       ; 2.5 V        ; 0 s                 ; 0 s                 ; 2.62 V                       ; 2.74e-08 V                   ; 2.71 V              ; -0.0317 V           ; 0.148 V                              ; 0.064 V                              ; 4.51e-10 s                  ; 4.15e-10 s                  ; No                         ; Yes                        ; 2.62 V                      ; 2.74e-08 V                  ; 2.71 V             ; -0.0317 V          ; 0.148 V                             ; 0.064 V                             ; 4.51e-10 s                 ; 4.15e-10 s                 ; No                        ; Yes                       ;
; seg2[3]       ; 2.5 V        ; 0 s                 ; 0 s                 ; 2.62 V                       ; 2.74e-08 V                   ; 2.71 V              ; -0.0317 V           ; 0.148 V                              ; 0.064 V                              ; 4.51e-10 s                  ; 4.15e-10 s                  ; No                         ; Yes                        ; 2.62 V                      ; 2.74e-08 V                  ; 2.71 V             ; -0.0317 V          ; 0.148 V                             ; 0.064 V                             ; 4.51e-10 s                 ; 4.15e-10 s                 ; No                        ; Yes                       ;
; seg2[4]       ; 2.5 V        ; 0 s                 ; 0 s                 ; 2.62 V                       ; 2.74e-08 V                   ; 2.71 V              ; -0.0317 V           ; 0.148 V                              ; 0.064 V                              ; 4.51e-10 s                  ; 4.15e-10 s                  ; No                         ; Yes                        ; 2.62 V                      ; 2.74e-08 V                  ; 2.71 V             ; -0.0317 V          ; 0.148 V                             ; 0.064 V                             ; 4.51e-10 s                 ; 4.15e-10 s                 ; No                        ; Yes                       ;
; seg2[5]       ; 2.5 V        ; 0 s                 ; 0 s                 ; 2.62 V                       ; 2.74e-08 V                   ; 2.71 V              ; -0.0317 V           ; 0.148 V                              ; 0.064 V                              ; 4.51e-10 s                  ; 4.15e-10 s                  ; No                         ; Yes                        ; 2.62 V                      ; 2.74e-08 V                  ; 2.71 V             ; -0.0317 V          ; 0.148 V                             ; 0.064 V                             ; 4.51e-10 s                 ; 4.15e-10 s                 ; No                        ; Yes                       ;
; seg2[6]       ; 2.5 V        ; 0 s                 ; 0 s                 ; 2.62 V                       ; 2.74e-08 V                   ; 2.71 V              ; -0.0317 V           ; 0.148 V                              ; 0.064 V                              ; 4.51e-10 s                  ; 4.15e-10 s                  ; No                         ; Yes                        ; 2.62 V                      ; 2.74e-08 V                  ; 2.71 V             ; -0.0317 V          ; 0.148 V                             ; 0.064 V                             ; 4.51e-10 s                 ; 4.15e-10 s                 ; No                        ; Yes                       ;
; seg3[0]       ; 2.5 V        ; 0 s                 ; 0 s                 ; 2.62 V                       ; 2.74e-08 V                   ; 2.71 V              ; -0.0317 V           ; 0.148 V                              ; 0.064 V                              ; 4.51e-10 s                  ; 4.15e-10 s                  ; No                         ; Yes                        ; 2.62 V                      ; 2.74e-08 V                  ; 2.71 V             ; -0.0317 V          ; 0.148 V                             ; 0.064 V                             ; 4.51e-10 s                 ; 4.15e-10 s                 ; No                        ; Yes                       ;
; seg3[1]       ; 2.5 V        ; 0 s                 ; 0 s                 ; 2.62 V                       ; 2.74e-08 V                   ; 2.73 V              ; -0.0384 V           ; 0.169 V                              ; 0.089 V                              ; 2.7e-10 s                   ; 2.62e-10 s                  ; Yes                        ; Yes                        ; 2.62 V                      ; 2.74e-08 V                  ; 2.73 V             ; -0.0384 V          ; 0.169 V                             ; 0.089 V                             ; 2.7e-10 s                  ; 2.62e-10 s                 ; Yes                       ; Yes                       ;
; seg3[2]       ; 2.5 V        ; 0 s                 ; 0 s                 ; 2.62 V                       ; 4.05e-08 V                   ; 2.64 V              ; -0.0113 V           ; 0.208 V                              ; 0.179 V                              ; 2.38e-09 s                  ; 2.23e-09 s                  ; No                         ; Yes                        ; 2.62 V                      ; 4.05e-08 V                  ; 2.64 V             ; -0.0113 V          ; 0.208 V                             ; 0.179 V                             ; 2.38e-09 s                 ; 2.23e-09 s                 ; No                        ; Yes                       ;
; seg3[3]       ; 2.5 V        ; 0 s                 ; 0 s                 ; 2.62 V                       ; 4.05e-08 V                   ; 2.72 V              ; -0.0349 V           ; 0.173 V                              ; 0.1 V                                ; 2.72e-10 s                  ; 2.69e-10 s                  ; Yes                        ; Yes                        ; 2.62 V                      ; 4.05e-08 V                  ; 2.72 V             ; -0.0349 V          ; 0.173 V                             ; 0.1 V                               ; 2.72e-10 s                 ; 2.69e-10 s                 ; Yes                       ; Yes                       ;
; seg3[4]       ; 2.5 V        ; 0 s                 ; 0 s                 ; 2.62 V                       ; 4.05e-08 V                   ; 2.72 V              ; -0.0349 V           ; 0.173 V                              ; 0.1 V                                ; 2.72e-10 s                  ; 2.69e-10 s                  ; Yes                        ; Yes                        ; 2.62 V                      ; 4.05e-08 V                  ; 2.72 V             ; -0.0349 V          ; 0.173 V                             ; 0.1 V                               ; 2.72e-10 s                 ; 2.69e-10 s                 ; Yes                       ; Yes                       ;
; seg3[5]       ; 2.5 V        ; 0 s                 ; 0 s                 ; 2.62 V                       ; 4.05e-08 V                   ; 2.72 V              ; -0.0349 V           ; 0.173 V                              ; 0.1 V                                ; 2.72e-10 s                  ; 2.69e-10 s                  ; Yes                        ; Yes                        ; 2.62 V                      ; 4.05e-08 V                  ; 2.72 V             ; -0.0349 V          ; 0.173 V                             ; 0.1 V                               ; 2.72e-10 s                 ; 2.69e-10 s                 ; Yes                       ; Yes                       ;
; seg3[6]       ; 2.5 V        ; 0 s                 ; 0 s                 ; 2.62 V                       ; 4.05e-08 V                   ; 2.72 V              ; -0.0349 V           ; 0.173 V                              ; 0.1 V                                ; 2.72e-10 s                  ; 2.69e-10 s                  ; Yes                        ; Yes                        ; 2.62 V                      ; 4.05e-08 V                  ; 2.72 V             ; -0.0349 V          ; 0.173 V                             ; 0.1 V                               ; 2.72e-10 s                 ; 2.69e-10 s                 ; Yes                       ; Yes                       ;
; ~ALTERA_DCLK~ ; 2.5 V        ; 0 s                 ; 0 s                 ; 2.62 V                       ; 2.22e-08 V                   ; 2.74 V              ; -0.06 V             ; 0.158 V                              ; 0.08 V                               ; 2.68e-10 s                  ; 2.19e-10 s                  ; Yes                        ; Yes                        ; 2.62 V                      ; 2.22e-08 V                  ; 2.74 V             ; -0.06 V            ; 0.158 V                             ; 0.08 V                              ; 2.68e-10 s                 ; 2.19e-10 s                 ; Yes                       ; Yes                       ;
; ~ALTERA_nCEO~ ; 2.5 V        ; 0 s                 ; 0 s                 ; 2.62 V                       ; 3.54e-08 V                   ; 2.7 V               ; -0.00943 V          ; 0.276 V                              ; 0.035 V                              ; 3.19e-10 s                  ; 4.99e-10 s                  ; No                         ; Yes                        ; 2.62 V                      ; 3.54e-08 V                  ; 2.7 V              ; -0.00943 V         ; 0.276 V                             ; 0.035 V                             ; 3.19e-10 s                 ; 4.99e-10 s                 ; No                        ; Yes                       ;
+---------------+--------------+---------------------+---------------------+------------------------------+------------------------------+---------------------+---------------------+--------------------------------------+--------------------------------------+-----------------------------+-----------------------------+----------------------------+----------------------------+-----------------------------+-----------------------------+--------------------+--------------------+-------------------------------------+-------------------------------------+----------------------------+----------------------------+---------------------------+---------------------------+


+---------------------------------------------------------------------+
; Setup Transfers                                                     ;
+------------+------------+----------+----------+----------+----------+
; From Clock ; To Clock   ; RR Paths ; FR Paths ; RF Paths ; FF Paths ;
+------------+------------+----------+----------+----------+----------+
; key_sync_0 ; CLOCK_50   ; 1        ; 1        ; 0        ; 0        ;
; key_sync_0 ; key_sync_0 ; 0        ; 0        ; 0        ; 490      ;
+------------+------------+----------+----------+----------+----------+
Entries labeled "false path" only account for clock-to-clock false paths and not path-based false paths. As a result, actual path counts may be lower than reported.


+---------------------------------------------------------------------+
; Hold Transfers                                                      ;
+------------+------------+----------+----------+----------+----------+
; From Clock ; To Clock   ; RR Paths ; FR Paths ; RF Paths ; FF Paths ;
+------------+------------+----------+----------+----------+----------+
; key_sync_0 ; CLOCK_50   ; 1        ; 1        ; 0        ; 0        ;
; key_sync_0 ; key_sync_0 ; 0        ; 0        ; 0        ; 490      ;
+------------+------------+----------+----------+----------+----------+
Entries labeled "false path" only account for clock-to-clock false paths and not path-based false paths. As a result, actual path counts may be lower than reported.


---------------
; Report TCCS ;
---------------
No dedicated SERDES Transmitter circuitry present in device or used in design


---------------
; Report RSKM ;
---------------
No non-DPA dedicated SERDES Receiver circuitry present in device or used in design


+------------------------------------------------+
; Unconstrained Paths Summary                    ;
+---------------------------------+-------+------+
; Property                        ; Setup ; Hold ;
+---------------------------------+-------+------+
; Illegal Clocks                  ; 0     ; 0    ;
; Unconstrained Clocks            ; 0     ; 0    ;
; Unconstrained Input Ports       ; 19    ; 19   ;
; Unconstrained Input Port Paths  ; 201   ; 201  ;
; Unconstrained Output Ports      ; 29    ; 29   ;
; Unconstrained Output Port Paths ; 364   ; 364  ;
+---------------------------------+-------+------+


+----------------------------------------------+
; Clock Status Summary                         ;
+------------+------------+------+-------------+
; Target     ; Clock      ; Type ; Status      ;
+------------+------------+------+-------------+
; CLOCK_50   ; CLOCK_50   ; Base ; Constrained ;
; key_sync_0 ; key_sync_0 ; Base ; Constrained ;
+------------+------------+------+-------------+


+----------------------------------------------------------------------------------------------------+
; Unconstrained Input Ports                                                                          ;
+-------------+--------------------------------------------------------------------------------------+
; Input Port  ; Comment                                                                              ;
+-------------+--------------------------------------------------------------------------------------+
; data_in[0]  ; No input delay, min/max delays, false-path exceptions, or max skew assignments found ;
; data_in[1]  ; No input delay, min/max delays, false-path exceptions, or max skew assignments found ;
; data_in[2]  ; No input delay, min/max delays, false-path exceptions, or max skew assignments found ;
; data_in[3]  ; No input delay, min/max delays, false-path exceptions, or max skew assignments found ;
; data_in[4]  ; No input delay, min/max delays, false-path exceptions, or max skew assignments found ;
; data_in[5]  ; No input delay, min/max delays, false-path exceptions, or max skew assignments found ;
; data_in[6]  ; No input delay, min/max delays, false-path exceptions, or max skew assignments found ;
; data_in[7]  ; No input delay, min/max delays, false-path exceptions, or max skew assignments found ;
; data_in[8]  ; No input delay, min/max delays, false-path exceptions, or max skew assignments found ;
; data_in[9]  ; No input delay, min/max delays, false-path exceptions, or max skew assignments found ;
; data_in[10] ; No input delay, min/max delays, false-path exceptions, or max skew assignments found ;
; data_in[11] ; No input delay, min/max delays, false-path exceptions, or max skew assignments found ;
; data_in[12] ; No input delay, min/max delays, false-path exceptions, or max skew assignments found ;
; data_in[13] ; No input delay, min/max delays, false-path exceptions, or max skew assignments found ;
; en          ; No input delay, min/max delays, false-path exceptions, or max skew assignments found ;
; key_clk     ; No input delay, min/max delays, false-path exceptions, or max skew assignments found ;
; load        ; No input delay, min/max delays, false-path exceptions, or max skew assignments found ;
; rst         ; No input delay, min/max delays, false-path exceptions, or max skew assignments found ;
; up_down     ; No input delay, min/max delays, false-path exceptions, or max skew assignments found ;
+-------------+--------------------------------------------------------------------------------------+


+-----------------------------------------------------------------------------------------------------+
; Unconstrained Output Ports                                                                          ;
+-------------+---------------------------------------------------------------------------------------+
; Output Port ; Comment                                                                               ;
+-------------+---------------------------------------------------------------------------------------+
; last        ; No output delay, min/max delays, false-path exceptions, or max skew assignments found ;
; seg0[0]     ; No output delay, min/max delays, false-path exceptions, or max skew assignments found ;
; seg0[1]     ; No output delay, min/max delays, false-path exceptions, or max skew assignments found ;
; seg0[2]     ; No output delay, min/max delays, false-path exceptions, or max skew assignments found ;
; seg0[3]     ; No output delay, min/max delays, false-path exceptions, or max skew assignments found ;
; seg0[4]     ; No output delay, min/max delays, false-path exceptions, or max skew assignments found ;
; seg0[5]     ; No output delay, min/max delays, false-path exceptions, or max skew assignments found ;
; seg0[6]     ; No output delay, min/max delays, false-path exceptions, or max skew assignments found ;
; seg1[0]     ; No output delay, min/max delays, false-path exceptions, or max skew assignments found ;
; seg1[1]     ; No output delay, min/max delays, false-path exceptions, or max skew assignments found ;
; seg1[2]     ; No output delay, min/max delays, false-path exceptions, or max skew assignments found ;
; seg1[3]     ; No output delay, min/max delays, false-path exceptions, or max skew assignments found ;
; seg1[4]     ; No output delay, min/max delays, false-path exceptions, or max skew assignments found ;
; seg1[5]     ; No output delay, min/max delays, false-path exceptions, or max skew assignments found ;
; seg1[6]     ; No output delay, min/max delays, false-path exceptions, or max skew assignments found ;
; seg2[0]     ; No output delay, min/max delays, false-path exceptions, or max skew assignments found ;
; seg2[1]     ; No output delay, min/max delays, false-path exceptions, or max skew assignments found ;
; seg2[2]     ; No output delay, min/max delays, false-path exceptions, or max skew assignments found ;
; seg2[3]     ; No output delay, min/max delays, false-path exceptions, or max skew assignments found ;
; seg2[4]     ; No output delay, min/max delays, false-path exceptions, or max skew assignments found ;
; seg2[5]     ; No output delay, min/max delays, false-path exceptions, or max skew assignments found ;
; seg2[6]     ; No output delay, min/max delays, false-path exceptions, or max skew assignments found ;
; seg3[0]     ; No output delay, min/max delays, false-path exceptions, or max skew assignments found ;
; seg3[1]     ; No output delay, min/max delays, false-path exceptions, or max skew assignments found ;
; seg3[2]     ; No output delay, min/max delays, false-path exceptions, or max skew assignments found ;
; seg3[3]     ; No output delay, min/max delays, false-path exceptions, or max skew assignments found ;
; seg3[4]     ; No output delay, min/max delays, false-path exceptions, or max skew assignments found ;
; seg3[5]     ; No output delay, min/max delays, false-path exceptions, or max skew assignments found ;
; seg3[6]     ; No output delay, min/max delays, false-path exceptions, or max skew assignments found ;
+-------------+---------------------------------------------------------------------------------------+


+----------------------------------------------------------------------------------------------------+
; Unconstrained Input Ports                                                                          ;
+-------------+--------------------------------------------------------------------------------------+
; Input Port  ; Comment                                                                              ;
+-------------+--------------------------------------------------------------------------------------+
; data_in[0]  ; No input delay, min/max delays, false-path exceptions, or max skew assignments found ;
; data_in[1]  ; No input delay, min/max delays, false-path exceptions, or max skew assignments found ;
; data_in[2]  ; No input delay, min/max delays, false-path exceptions, or max skew assignments found ;
; data_in[3]  ; No input delay, min/max delays, false-path exceptions, or max skew assignments found ;
; data_in[4]  ; No input delay, min/max delays, false-path exceptions, or max skew assignments found ;
; data_in[5]  ; No input delay, min/max delays, false-path exceptions, or max skew assignments found ;
; data_in[6]  ; No input delay, min/max delays, false-path exceptions, or max skew assignments found ;
; data_in[7]  ; No input delay, min/max delays, false-path exceptions, or max skew assignments found ;
; data_in[8]  ; No input delay, min/max delays, false-path exceptions, or max skew assignments found ;
; data_in[9]  ; No input delay, min/max delays, false-path exceptions, or max skew assignments found ;
; data_in[10] ; No input delay, min/max delays, false-path exceptions, or max skew assignments found ;
; data_in[11] ; No input delay, min/max delays, false-path exceptions, or max skew assignments found ;
; data_in[12] ; No input delay, min/max delays, false-path exceptions, or max skew assignments found ;
; data_in[13] ; No input delay, min/max delays, false-path exceptions, or max skew assignments found ;
; en          ; No input delay, min/max delays, false-path exceptions, or max skew assignments found ;
; key_clk     ; No input delay, min/max delays, false-path exceptions, or max skew assignments found ;
; load        ; No input delay, min/max delays, false-path exceptions, or max skew assignments found ;
; rst         ; No input delay, min/max delays, false-path exceptions, or max skew assignments found ;
; up_down     ; No input delay, min/max delays, false-path exceptions, or max skew assignments found ;
+-------------+--------------------------------------------------------------------------------------+


+-----------------------------------------------------------------------------------------------------+
; Unconstrained Output Ports                                                                          ;
+-------------+---------------------------------------------------------------------------------------+
; Output Port ; Comment                                                                               ;
+-------------+---------------------------------------------------------------------------------------+
; last        ; No output delay, min/max delays, false-path exceptions, or max skew assignments found ;
; seg0[0]     ; No output delay, min/max delays, false-path exceptions, or max skew assignments found ;
; seg0[1]     ; No output delay, min/max delays, false-path exceptions, or max skew assignments found ;
; seg0[2]     ; No output delay, min/max delays, false-path exceptions, or max skew assignments found ;
; seg0[3]     ; No output delay, min/max delays, false-path exceptions, or max skew assignments found ;
; seg0[4]     ; No output delay, min/max delays, false-path exceptions, or max skew assignments found ;
; seg0[5]     ; No output delay, min/max delays, false-path exceptions, or max skew assignments found ;
; seg0[6]     ; No output delay, min/max delays, false-path exceptions, or max skew assignments found ;
; seg1[0]     ; No output delay, min/max delays, false-path exceptions, or max skew assignments found ;
; seg1[1]     ; No output delay, min/max delays, false-path exceptions, or max skew assignments found ;
; seg1[2]     ; No output delay, min/max delays, false-path exceptions, or max skew assignments found ;
; seg1[3]     ; No output delay, min/max delays, false-path exceptions, or max skew assignments found ;
; seg1[4]     ; No output delay, min/max delays, false-path exceptions, or max skew assignments found ;
; seg1[5]     ; No output delay, min/max delays, false-path exceptions, or max skew assignments found ;
; seg1[6]     ; No output delay, min/max delays, false-path exceptions, or max skew assignments found ;
; seg2[0]     ; No output delay, min/max delays, false-path exceptions, or max skew assignments found ;
; seg2[1]     ; No output delay, min/max delays, false-path exceptions, or max skew assignments found ;
; seg2[2]     ; No output delay, min/max delays, false-path exceptions, or max skew assignments found ;
; seg2[3]     ; No output delay, min/max delays, false-path exceptions, or max skew assignments found ;
; seg2[4]     ; No output delay, min/max delays, false-path exceptions, or max skew assignments found ;
; seg2[5]     ; No output delay, min/max delays, false-path exceptions, or max skew assignments found ;
; seg2[6]     ; No output delay, min/max delays, false-path exceptions, or max skew assignments found ;
; seg3[0]     ; No output delay, min/max delays, false-path exceptions, or max skew assignments found ;
; seg3[1]     ; No output delay, min/max delays, false-path exceptions, or max skew assignments found ;
; seg3[2]     ; No output delay, min/max delays, false-path exceptions, or max skew assignments found ;
; seg3[3]     ; No output delay, min/max delays, false-path exceptions, or max skew assignments found ;
; seg3[4]     ; No output delay, min/max delays, false-path exceptions, or max skew assignments found ;
; seg3[5]     ; No output delay, min/max delays, false-path exceptions, or max skew assignments found ;
; seg3[6]     ; No output delay, min/max delays, false-path exceptions, or max skew assignments found ;
+-------------+---------------------------------------------------------------------------------------+


+--------------------------+
; Timing Analyzer Messages ;
+--------------------------+
Info: *******************************************************************
Info: Running Quartus Prime Timing Analyzer
    Info: Version 18.1.0 Build 625 09/12/2018 SJ Lite Edition
    Info: Processing started: Sat May 31 11:24:23 2025
Info: Command: quartus_sta counter_9999 -c counter_9999
Info: qsta_default_script.tcl version: #1
Warning (18236): Number of processors has not been specified which may cause overloading on shared machines.  Set the global assignment NUM_PARALLEL_PROCESSORS in your QSF to an appropriate value for best performance.
Info (20030): Parallel compilation is enabled and will use 6 of the 6 processors detected
Info (21077): Low junction temperature is 0 degrees C
Info (21077): High junction temperature is 85 degrees C
Critical Warning (332012): Synopsys Design Constraints File file not found: 'counter_9999.sdc'. A Synopsys Design Constraints File is required by the Timing Analyzer to get proper timing constraints. Without it, the Compiler will not properly optimize the design.
Info (332142): No user constrained base clocks found in the design. Calling "derive_clocks -period 1.0"
Info (332105): Deriving Clocks
    Info (332105): create_clock -period 1.000 -name key_sync_0 key_sync_0
    Info (332105): create_clock -period 1.000 -name CLOCK_50 CLOCK_50
Info (332143): No user constrained clock uncertainty found in the design. Calling "derive_clock_uncertainty"
Info (332123): Deriving Clock Uncertainty. Please refer to report_sdc in the Timing Analyzer to see clock uncertainties.
Info: Found TIMING_ANALYZER_REPORT_SCRIPT_INCLUDE_DEFAULT_ANALYSIS = ON
Info: Analyzing Slow 1200mV 85C Model
Critical Warning (332148): Timing requirements not met
    Info (11105): For recommendations on closing timing, run Report Timing Closure Recommendations in the Timing Analyzer.
Info (332146): Worst-case setup slack is -3.057
    Info (332119):     Slack       End Point TNS Clock 
    Info (332119): ========= =================== =====================
    Info (332119):    -3.057             -39.153 key_sync_0 
    Info (332119):    -0.837              -0.837 CLOCK_50 
Info (332146): Worst-case hold slack is 0.900
    Info (332119):     Slack       End Point TNS Clock 
    Info (332119): ========= =================== =====================
    Info (332119):     0.900               0.000 CLOCK_50 
    Info (332119):     1.698               0.000 key_sync_0 
Info (332140): No Recovery paths to report
Info (332140): No Removal paths to report
Info (332146): Worst-case minimum pulse width slack is -3.000
    Info (332119):     Slack       End Point TNS Clock 
    Info (332119): ========= =================== =====================
    Info (332119):    -3.000              -5.570 CLOCK_50 
    Info (332119):    -1.285             -17.990 key_sync_0 
Info: Analyzing Slow 1200mV 0C Model
Info (334003): Started post-fitting delay annotation
Info (334004): Delay annotation completed successfully
Info (332123): Deriving Clock Uncertainty. Please refer to report_sdc in the Timing Analyzer to see clock uncertainties.
Critical Warning (332148): Timing requirements not met
    Info (11105): For recommendations on closing timing, run Report Timing Closure Recommendations in the Timing Analyzer.
Info (332146): Worst-case setup slack is -2.710
    Info (332119):     Slack       End Point TNS Clock 
    Info (332119): ========= =================== =====================
    Info (332119):    -2.710             -34.490 key_sync_0 
    Info (332119):    -0.672              -0.672 CLOCK_50 
Info (332146): Worst-case hold slack is 0.832
    Info (332119):     Slack       End Point TNS Clock 
    Info (332119): ========= =================== =====================
    Info (332119):     0.832               0.000 CLOCK_50 
    Info (332119):     1.536               0.000 key_sync_0 
Info (332140): No Recovery paths to report
Info (332140): No Removal paths to report
Info (332146): Worst-case minimum pulse width slack is -3.000
    Info (332119):     Slack       End Point TNS Clock 
    Info (332119): ========= =================== =====================
    Info (332119):    -3.000              -5.570 CLOCK_50 
    Info (332119):    -1.285             -17.990 key_sync_0 
Info: Analyzing Fast 1200mV 0C Model
Info (332123): Deriving Clock Uncertainty. Please refer to report_sdc in the Timing Analyzer to see clock uncertainties.
Critical Warning (332148): Timing requirements not met
    Info (11105): For recommendations on closing timing, run Report Timing Closure Recommendations in the Timing Analyzer.
Info (332146): Worst-case setup slack is -0.972
    Info (332119):     Slack       End Point TNS Clock 
    Info (332119): ========= =================== =====================
    Info (332119):    -0.972             -11.821 key_sync_0 
    Info (332119):    -0.327              -0.327 CLOCK_50 
Info (332146): Worst-case hold slack is 0.406
    Info (332119):     Slack       End Point TNS Clock 
    Info (332119): ========= =================== =====================
    Info (332119):     0.406               0.000 CLOCK_50 
    Info (332119):     0.754               0.000 key_sync_0 
Info (332140): No Recovery paths to report
Info (332140): No Removal paths to report
Info (332146): Worst-case minimum pulse width slack is -3.000
    Info (332119):     Slack       End Point TNS Clock 
    Info (332119): ========= =================== =====================
    Info (332119):    -3.000              -5.086 CLOCK_50 
    Info (332119):    -1.000             -14.000 key_sync_0 
Info (332102): Design is not fully constrained for setup requirements
Info (332102): Design is not fully constrained for hold requirements
Info: Quartus Prime Timing Analyzer was successful. 0 errors, 5 warnings
    Info: Peak virtual memory: 4865 megabytes
    Info: Processing ended: Sat May 31 11:24:26 2025
    Info: Elapsed time: 00:00:03
    Info: Total CPU time (on all processors): 00:00:02


